證券代號,證券名稱,成交股數,成交金額,開盤價,最高價,最低價,收盤價,漲跌價差,成交筆數
0050,元大台灣50,6315479,674047631,106.35,107.05,106.30,106.70,0.6500,7927
0051,元大中型100,25690,1026162,39.85,40.00,39.85,39.90,0.2500,30
0052,富邦科技,1126837,105810332,94.20,94.30,93.50,93.70,0.2000,250
0053,元大電子,10080,515800,50.95,51.30,50.95,51.30,0.6000,11
0054,元大台商50,24000,611660,25.45,25.69,25.45,25.69,0.3900,5
0055,元大MSCI金融,693000,12296820,17.71,17.82,17.70,17.79,0.2100,214
0056,元大高股息,19648371,553989095,28.17,28.26,28.12,28.19,0.0700,10108
0057,富邦摩台,24050,1691560,70.45,70.60,70.30,70.30,0.4000,7
0061,元大寶滬深,692741,15480959,22.37,22.48,22.18,22.26,0.1000,262
006203,元大MSCI台灣,4003,199007,49.57,49.98,49.57,49.60,0.1700,6
006204,永豐臺灣加權,3000,193750,64.65,64.65,64.55,64.55,0.6500,2
006205,富邦上証,2568361,91701066,35.88,36.11,35.57,35.71,0.0800,323
006206,元大上證50,306839,11252049,36.70,36.90,36.34,36.43,-0.0700,129
006207,FH滬深,370071,10815452,29.36,29.50,29.06,29.15,0.0900,186
006208,富邦台50,1909068,116487329,60.90,61.25,60.85,61.00,0.2500,691
00625K,富邦上証+R,50000,416000,8.32,8.32,8.32,8.32,-0.0700,2
00631L,元大台灣50正2,5675544,389146475,68.40,69.00,68.05,68.55,0.4500,2221
00632R,元大台灣50反1,164504521,1329408644,8.09,8.11,8.05,8.09,-0.0300,13301
00633L,富邦上証正2,9061103,561386458,62.90,63.10,60.90,61.25,-0.4500,2077
00634R,富邦上証反1,1441000,6300320,4.37,4.40,4.32,4.37,0.0000,151
00635U,元大S&P黃金,2162417,57369015,26.56,26.60,26.48,26.53,0.4400,662
00636,國泰中國A50,888047,22620133,25.55,25.75,25.28,25.35,-0.0500,312
00636K,國泰中國A50+U,300,2646,8.84,8.84,8.81,8.81,-0.0700,2
00637L,元大滬深300正2,79162604,1918094398,24.59,24.66,23.81,23.96,-0.1100,7810
00638R,元大滬深300反1,1207000,10521280,8.67,8.79,8.66,8.78,-0.0100,239
00639,富邦深100,2407146,37579982,15.71,15.90,15.50,15.60,-0.0300,426
00640L,富邦日本正2,1435000,29854890,20.69,20.94,20.58,20.85,0.3000,228
00641R,富邦日本反1,481000,6212980,13.00,13.00,12.89,12.93,-0.0700,92
00642U,元大S&P石油,7254182,51979887,7.21,7.21,7.11,7.12,-0.1100,1426
00643,群益深証中小,1048124,19035211,18.20,18.38,17.98,18.00,-0.0800,248
00643K,群益深証中小+R,,,,,,,0.0000,
00645,富邦日本,348419,7528187,21.52,21.67,21.51,21.64,0.1900,40
00646,元大S&P500,1586288,48379641,30.51,30.59,30.37,30.45,0.1300,616
00647L,元大S&P500正2,804100,35207399,43.80,44.03,43.50,43.65,0.4800,272
00648R,元大S&P500反1,3690000,33484790,9.06,9.10,9.03,9.09,-0.0600,278
00650L,FH香港正2,1229000,30368950,24.80,24.97,24.50,24.58,0.2300,344
00651R,FH香港反1,404000,3223770,7.97,8.00,7.95,8.00,-0.0400,56
00652,富邦印度,367263,7829435,21.20,21.36,21.20,21.35,0.1700,179
00653L,富邦印度正2,5782000,145975050,25.30,25.39,25.12,25.27,0.3300,862
00654R,富邦印度反1,333000,3966300,11.98,11.98,11.87,11.92,-0.0900,73
00655L,國泰中國A50正2,6364124,293777771,46.83,46.93,45.35,45.62,-0.1800,1366
00656R,國泰中國A50反1,305000,2436980,7.92,8.05,7.90,8.01,0.0100,52
00657,國泰日經225,114103,3440024,29.97,30.21,29.97,30.10,0.3000,14
00657K,國泰日經225+U,100,1053,10.53,10.53,10.53,10.53,0.1400,1
00660,元大歐洲50,44550,992541,22.21,22.37,22.21,22.28,0.2500,25
00661,元大日經225,5000,151730,30.45,30.45,30.32,30.32,0.3900,2
00662,富邦NASDAQ,849307,37315654,44.05,44.11,43.72,43.76,-0.0900,346
00663L,國泰臺灣加權正2,34100,2087150,61.05,61.60,61.05,61.10,0.6500,13
00664R,國泰臺灣加權反1,4412000,40452630,9.19,9.21,9.14,9.19,-0.0400,656
00665L,富邦恒生國企正2,328000,7813420,24.02,24.08,23.60,23.66,0.2400,105
00666R,富邦恒生國企反1,89000,1070470,12.00,12.07,12.00,12.03,-0.1100,8
00668,國泰美國道瓊,920408,26723863,28.98,29.10,28.97,29.00,0.1900,212
00668K,國泰美國道瓊+U,100,1016,10.16,10.16,10.16,10.16,0.0600,1
00669R,國泰美國道瓊反1,10807000,109411900,10.13,10.15,10.10,10.14,-0.1000,1055
00670L,富邦NASDAQ正2,3123805,223913936,72.00,72.30,70.70,71.05,0.0000,897
00671R,富邦NASDAQ反1,11755000,82652080,7.00,7.06,6.99,7.05,0.0100,873
00672L,元大S&P原油正2,74333001,50327960,0.69,0.69,0.66,0.67,-0.0200,1043
00673R,元大S&P原油反1,687018,21758192,31.45,31.83,31.41,31.82,0.4200,149
00674R,元大S&P黃金反1,462000,5775470,12.51,12.54,12.48,12.50,-0.2300,132
00675L,富邦臺灣加權正2,639107,16851909,26.37,26.58,26.26,26.43,0.2300,164
00676R,富邦臺灣加權反1,7327000,36524010,4.99,5.01,4.96,5.00,-0.0100,611
00677U,富邦VIX,231767484,1015279673,4.34,4.44,4.33,4.44,0.0900,13167
00678,群益NBI生技,1041655,26859355,26.15,26.15,25.74,25.78,-0.4000,124
00680L,元大美債20正2,67000,2047740,30.67,30.70,30.47,30.70,-0.1400,25
00681R,元大美債20反1,41000,513890,12.49,12.54,12.49,12.53,0.0500,3
00682U,元大美元指數,196000,3600060,18.45,18.45,18.31,18.41,-0.1500,72
00683L,元大美元指數正2,829000,14514920,17.48,17.58,17.46,17.52,-0.2200,260
00684R,元大美元指數反1,1000,18800,18.80,18.80,18.80,18.80,0.1300,1
00685L,群益臺灣加權正2,2494000,58099090,23.20,23.36,23.12,23.14,0.1300,145
00686R,群益臺灣加權反1,205000,1112310,5.44,5.45,5.41,5.44,-0.0300,29
00688L,國泰20年美債正2,110000,3386970,30.64,30.84,30.64,30.84,-0.0600,7
00689R,國泰20年美債反1,101000,1298820,12.82,12.86,12.82,12.86,0.0400,3
00690,兆豐藍籌30,226860,5885354,26.00,26.02,25.90,26.00,0.1200,44
00691R,兆豐藍籌30反1,2000,22440,11.22,11.22,11.22,11.22,0.0000,1
00692,富邦公司治理,2901039,79065798,27.14,27.33,27.14,27.26,0.1200,1078
00693U,街口S&P黃豆,9536762,162678114,17.04,17.11,17.01,17.02,0.1200,1426
00700,富邦恒生國企,162668,3119957,19.25,19.29,19.14,19.17,0.0700,27
00701,國泰股利精選30,782266,16189575,20.62,20.76,20.62,20.70,0.0800,551
00702,國泰標普低波高息,18000,286690,15.88,16.03,15.88,15.91,0.0800,12
00703,台新MSCI中國,161083,4086834,25.50,25.51,25.30,25.36,0.0100,36
00706L,元大S&P日圓正2,61000,1112610,18.17,18.30,18.17,18.30,0.3000,12
00707R,元大S&P日圓反1,,,,,,,0.0000,
00708L,元大S&P黃金正2,9086010,293935063,32.39,32.51,32.20,32.35,1.0500,1653
00709,富邦歐洲,200100,3806610,18.88,19.05,18.88,19.04,0.2400,37
00710B,FH彭博高收益債,1275626,23546933,18.44,18.49,18.44,18.49,0.0500,59
00711B,FH彭博新興債,191000,4235850,22.19,22.20,22.14,22.18,0.0900,26
00712,FH富時不動產,1071337,11552701,10.77,10.80,10.76,10.76,0.0600,406
00713,元大台灣高息低波,121559,4206876,34.55,34.69,34.50,34.69,0.2300,99
00714,群益道瓊美國地產,225208,4045654,18.03,18.03,17.96,17.98,-0.1500,16
00715L,街口布蘭特油正2,18866450,55026702,2.98,2.98,2.85,2.87,-0.0400,1097
00717,富邦美國特別股,800576,13278956,16.50,16.62,16.50,16.57,0.0700,165
00728,第一金工業30,236172,5383125,22.82,22.85,22.75,22.79,0.1100,23
00730,富邦臺灣優質高息,750122,12564108,16.71,16.80,16.70,16.74,0.0600,208
00731,FH富時高息低波,1037660,48768770,46.84,47.07,46.76,47.00,0.1600,27
00732,國泰RMB短期報酬,101000,3929000,39.00,39.00,38.90,38.90,-0.1000,3
00733,富邦臺灣中小,271528,6533748,24.11,24.13,24.00,24.05,-0.0500,41
00735,國泰臺韓科技,103000,2646180,25.74,25.74,25.69,25.69,0.2200,5
00736,國泰新興市場,165000,3435770,20.87,20.94,20.76,20.78,0.1700,26
00737,國泰AI+Robo,942292,24771506,26.23,26.34,26.20,26.31,0.3300,224
00738U,元大道瓊白銀,6377380,169836156,26.55,26.90,26.40,26.76,1.2700,1721
00739,元大MSCI A股,519397,13522849,26.24,26.32,25.88,25.95,0.0000,109
00742,新光內需收益,110000,2305270,21.00,21.00,20.89,21.00,0.1000,11
00743,國泰中國A150,48473,1312117,26.82,27.24,26.82,26.94,0.1200,21
00752,中信中國50,1631140,50495969,31.00,31.04,30.88,30.96,0.1300,845
00753L,中信中國50正2,734014,28888682,39.80,40.08,38.82,39.06,-0.2500,260
00757,統一FANG+,1633057,66139174,40.69,40.73,40.23,40.31,-0.1800,444
00762,元大全球AI,626417,20559571,33.02,33.02,32.61,32.63,-0.1100,173
00763U,街口道瓊銅,22000,449990,20.45,20.48,20.42,20.44,-0.0200,11
00766L,台新MSCI中國正2,102033,1234722,12.01,12.23,11.95,11.97,-0.0600,60
00770,國泰北美科技,740000,23067340,31.12,31.28,31.05,31.07,0.1900,89
00771,元大US高息特別股,71225,1352938,18.98,19.06,18.97,19.05,0.0400,22
00774B,新光中國政金綠債,403000,15475810,38.40,38.89,38.40,38.46,0.0600,4
00774C,新光中政金綠債+R,,,,,,,0.0000,
00775B,新光投等債15+,403000,18256390,45.30,45.71,45.30,45.34,0.0400,4
00783,富邦中証500,981030,20896752,21.68,21.70,21.26,21.30,-0.1200,56
008201,BP上證50,1700,205610,120.90,121.50,120.90,121.50,0.6000,5
00830,國泰費城半導體,1758853,39468970,22.44,22.54,22.37,22.40,0.3500,489
00850,元大臺灣ESG永續,2769062,73134094,26.38,26.47,26.29,26.37,0.1100,1421
00851,台新全球AI,286000,7990890,27.98,28.01,27.71,27.79,0.1200,47
00852L,國泰美國道瓊正2,18445134,260709147,14.17,14.20,14.07,14.10,0.2400,1511
00861,元大全球未來通訊,3381686,81265332,24.07,24.10,23.92,23.96,0.1200,977
00865B,國泰US短期公債,102000,3845330,37.66,37.70,37.66,37.70,0.0500,4
00866,新光Shiller CAPE,134000,2804390,20.85,20.95,20.85,20.86,0.0000,13
00875,國泰網路資安,3185807,82448687,25.84,25.94,25.78,25.82,0.0800,506
00876,元大未來關鍵科技,10900170,248637531,22.56,22.87,22.56,22.80,0.3800,2319
00878,國泰永續高股息,9880762,144677022,14.63,14.66,14.62,14.65,0.0400,2805
01001T,土銀富邦R1,2616,48915,18.39,18.39,18.39,18.39,0.0200,11
01002T,土銀國泰R1,97580,1795338,18.49,18.49,18.38,18.41,0.0000,69
01003T,兆豐新光R1,7950,156783,19.70,19.70,19.69,19.70,-0.0100,8
01004T,土銀富邦R2,21872,361910,16.55,16.56,16.50,16.50,-0.0400,28
01007T,兆豐國泰R2,205870,3927114,19.07,19.08,19.07,19.07,0.0000,69
01009T,王道圓滿R1,4000,38840,9.71,9.71,9.71,9.71,0.0100,3
01010T,京城樂富R1,85000,894320,10.53,10.53,10.52,10.52,0.0000,22
020000,富邦特選蘋果N,22000,125450,5.69,5.71,5.69,5.71,0.0400,7
020002,元富新中國N,2000,39540,19.77,19.77,19.77,19.77,0.0000,1
020004,兆豐電菁英30N,3000,77580,25.86,25.86,25.86,25.86,0.2900,1
020006,永昌中小300N,,,,,,,0.0000,
020007,凱基臺灣500N,,,,,,,0.0000,
020008,元大特股高息N,41000,451440,11.00,11.03,11.00,11.03,0.0400,14
020011,統一微波高息20N,10000,48750,4.87,4.88,4.87,4.88,0.0100,2
020012,富邦行動通訊N,44000,250260,5.68,5.69,5.68,5.69,0.0500,13
020015,統一MSCI美低波N,,,,,,,0.0000,
020016,統一MSCI美科技N,4000,63140,15.80,15.80,15.77,15.77,0.1600,4
020018,統一價值成長30N,143000,1557860,10.86,10.90,10.86,10.87,0.0100,28
020019,統一特選台灣5GN,2159000,22051530,10.11,10.25,10.11,10.16,0.0600,217
02001L,富邦蘋果正二N,6000,43130,7.18,7.19,7.18,7.19,0.0000,2
02001R,富邦蘋果反一N,75000,301050,4.01,4.02,4.01,4.01,-0.0300,9
020020,元大台股領航N,2249000,11622600,5.15,5.19,5.15,5.17,0.0400,481
1101,台泥,10399941,425133874,41.05,41.10,40.75,40.85,-0.2000,4218
1101B,台泥乙特,68,3644,,,,,0.0000,2
1102,亞泥,2572501,107672486,42.00,42.00,41.70,41.85,-0.1500,1269
1103,嘉泥,133458,2123429,15.85,15.95,15.85,15.85,0.0500,111
1104,環泥,251416,5029380,20.00,20.20,19.85,19.95,0.0500,148
1108,幸福,377000,4251800,11.20,11.35,11.20,11.30,0.1000,141
1109,信大,108181,2054881,19.10,19.10,18.95,18.95,-0.1000,54
1110,東泥,28719,492400,17.15,17.20,17.05,17.15,0.0000,18
1201,味全,378812,7639015,20.20,20.30,20.10,20.10,0.0000,184
1203,味王,50773,1791285,35.55,35.60,35.10,35.30,-0.1000,37
1210,大成,956718,43125545,45.20,45.35,44.95,45.00,-0.1500,609
1213,大飲,2701,22954,8.67,8.67,8.67,8.67,-0.1300,5
1215,卜蜂,1157910,81735243,70.30,70.80,70.10,70.70,0.6000,672
1216,統一,5277944,329884616,62.60,62.80,62.20,62.80,0.2000,2092
1217,愛之味,850597,6398343,7.55,7.55,7.48,7.48,-0.0200,397
1218,泰山,289534,6371467,22.10,22.10,21.95,22.00,-0.0500,195
1219,福壽,47233,892121,18.90,18.95,18.85,18.90,0.0000,23
1220,台榮,124501,1488911,12.00,12.00,11.90,12.00,0.0500,67
1225,福懋油,23005,723806,31.45,31.55,31.40,31.45,-0.1500,23
1227,佳格,412967,25748136,62.40,62.50,62.20,62.20,-0.2000,450
1229,聯華,635100,25490277,40.20,40.25,40.05,40.10,0.1000,556
1231,聯華食,241941,10365005,42.70,42.95,42.70,42.95,0.3000,240
1232,大統益,82006,10087062,123.00,123.50,122.50,123.50,1.0000,142
1233,天仁,8001,291089,36.40,36.45,36.30,36.30,0.2500,9
1234,黑松,56068,1836729,32.75,32.85,32.70,32.75,-0.0500,44
1235,興泰,20333,511935,24.95,25.30,24.95,25.20,0.1500,20
1236,宏亞,62345,844015,13.40,13.60,13.40,13.55,0.1500,39
1256,鮮活果汁-KY,27478,7850525,287.50,288.00,283.50,284.00,-3.0000,76
1301,台塑,5239837,426899826,81.50,81.70,81.20,81.50,0.0000,2970
1303,南亞,4368921,268446588,61.20,61.70,61.10,61.70,0.2000,1628
1304,台聚,24676400,463592773,18.45,19.25,18.35,19.00,0.7000,7579
1305,華夏,6084424,134529210,22.30,22.40,21.80,22.25,0.0500,2216
1307,三芳,82167,1701156,20.75,20.80,20.65,20.70,-0.0500,47
1308,亞聚,4125073,78031147,19.20,19.25,18.70,18.85,-0.2500,1707
1309,台達化,22428734,703925124,31.60,32.15,30.65,31.35,-0.4000,10350
1310,台苯,2371884,39815212,16.95,17.00,16.70,16.80,-0.1000,869
1312,國喬,22033973,505501205,22.90,23.15,22.60,23.00,0.0000,5040
1312A,國喬特,8000,240300,30.00,30.30,30.00,30.30,-0.0500,6
1313,聯成,7526785,104138651,14.00,14.05,13.65,13.70,-0.1000,1459
1314,中石化,9188210,80395374,8.78,8.79,8.73,8.74,0.0000,1980
1315,達新,90800,6044606,66.50,66.80,66.40,66.60,0.1000,78
1316,上曜,101386,1137891,11.25,11.25,11.20,11.20,-0.0500,48
1319,東陽,610056,23794067,38.90,39.10,38.85,38.85,-0.0500,519
1321,大洋,111000,3852700,34.65,34.85,34.50,34.75,0.1000,75
1323,永裕,53000,1720950,32.40,32.60,32.40,32.55,0.1500,39
1324,地球,21182,209190,9.90,9.90,9.83,9.84,-0.0600,18
1325,恆大,2644884,354608673,136.00,136.50,132.50,133.00,-0.5000,1722
1326,台化,3256329,231676515,71.30,71.30,71.00,71.20,-0.1000,1339
1337,再生-KY,1588231,11327549,7.09,7.24,7.04,7.11,0.1100,685
1338,廣華-KY,307119,17006576,55.20,55.80,54.80,55.20,0.2000,234
1339,昭輝,96103,4032076,42.45,42.45,41.85,41.85,0.0000,67
1340,勝悅-KY,354129,4423150,12.55,12.70,12.30,12.30,-0.3000,213
1341,富林-KY,17402,1029256,59.10,60.50,58.70,58.70,0.2000,16
1402,遠東新,3737870,97861785,26.20,26.30,26.05,26.20,0.0000,1226
1409,新纖,2460673,28264753,11.55,11.60,11.45,11.45,-0.1000,624
1410,南染,4172,140549,33.75,34.25,33.70,33.70,0.0000,9
1413,宏洲,44417,395372,8.89,8.92,8.88,8.88,-0.0100,24
1414,東和,25056623,385038224,14.55,15.70,14.30,15.70,1.4000,7433
1416,廣豐,344410,3999652,11.45,11.80,11.45,11.60,0.2000,210
1417,嘉裕,3697542,41450867,11.00,11.40,10.90,11.20,0.3500,1128
1418,東華,,,,,,,0.0000,
1419,新紡,8298,364322,43.90,43.95,43.90,43.95,0.4500,8
1423,利華,241506,3685248,15.10,15.35,15.10,15.30,0.2500,114
1432,大魯閣,887193,19382526,21.80,22.40,21.30,21.90,0.1000,583
1434,福懋,2667239,83432211,31.35,31.40,31.20,31.35,0.0000,1673
1435,中福,1311437,30039074,23.20,23.75,22.40,22.50,-0.1000,777
1436,華友聯,10026,377232,37.70,37.70,37.65,37.65,-0.0500,13
1437,勤益控,314819,7427013,23.65,23.70,23.50,23.60,-0.2500,103
1438,三地開發,1421670,16965954,12.60,13.20,12.50,12.85,0.4500,92
1439,中和,99054,2599470,26.70,26.70,26.05,26.20,-0.1000,68
1440,南紡,12967225,172257942,13.30,13.50,13.05,13.40,0.1500,3031
1441,大東,215230,1696287,7.86,7.93,7.85,7.87,-0.0100,87
1442,名軒,523450,9784785,18.80,18.85,18.55,18.65,-0.1500,185
1443,立益,81722,820662,10.05,10.15,9.84,9.95,-0.0300,40
1444,力麗,13986455,182347591,13.25,13.25,12.90,12.95,-0.2000,3935
1445,大宇,119407,1237141,10.40,10.40,10.35,10.35,0.0000,37
1446,宏和,118000,4083300,34.75,34.85,34.50,34.50,0.0000,73
1447,力鵬,2746202,21191023,7.78,7.80,7.66,7.71,-0.0500,867
1449,佳和,1695960,24000683,13.00,14.30,13.00,14.30,1.3000,603
1451,年興,34954,564107,16.15,16.20,16.10,16.15,0.0000,63
1452,宏益,32617,503539,15.40,15.45,15.40,15.45,-0.0500,26
1453,大將,132165,1137032,8.47,8.71,8.47,8.71,0.2700,58
1454,台富,10301,86814,8.50,8.50,8.40,8.46,0.0000,9
1455,集盛,444074,3494212,7.89,7.90,7.83,7.86,-0.0500,174
1456,怡華,24796,241573,9.63,9.89,9.60,9.78,0.1500,15
1457,宜進,347882,4862199,14.00,14.05,13.95,13.95,0.0000,97
1459,聯發,100486,823437,8.20,8.23,8.14,8.17,0.0100,34
1460,宏遠,706362,6748585,9.61,9.63,9.50,9.53,-0.0800,280
1463,強盛,73212,889274,12.15,12.20,12.05,12.20,0.0000,40
1464,得力,347632,6454323,18.55,18.70,18.45,18.60,0.0500,162
1465,偉全,95810,1244481,12.95,13.00,12.90,12.95,0.0000,56
1466,聚隆,12683002,284841186,22.45,22.95,21.75,22.00,-0.4000,2969
1467,南緯,862001,16215218,18.80,19.00,18.65,18.75,0.0000,408
1468,昶和,49004,593946,12.20,12.35,11.95,12.35,0.0000,32
1470,大統新創,,,,,,,0.0000,
1471,首利,339025,1682140,5.03,5.05,4.90,4.90,0.0000,104
1472,三洋紡,75011,820975,11.00,11.00,10.85,10.95,0.0500,51
1473,台南,42594,757540,17.85,17.85,17.70,17.85,0.1000,58
1474,弘裕,1777144,22626970,12.90,13.00,12.60,12.60,-0.4000,744
1475,本盟,,,,,,,0.0000,
1476,儒鴻,4136556,1698163187,400.00,420.00,400.00,410.00,17.5000,3300
1477,聚陽,1892154,363842116,189.00,194.00,189.00,192.00,3.5000,1283
1503,士電,82835,4156412,50.00,50.30,50.00,50.20,0.3000,83
1504,東元,1433804,43091355,29.95,30.15,29.90,30.15,0.2000,972
1506,正道,122003,1265680,10.70,10.70,10.30,10.50,0.0500,49
1507,永大,69593,4525293,65.00,65.20,64.80,65.10,0.1000,56
1512,瑞利,35004,163376,4.70,4.85,4.62,4.62,-0.2800,16
1513,中興電,17640963,879539266,50.20,50.60,49.50,50.00,-0.2000,8194
1514,亞力,2084898,59483452,28.75,28.95,28.15,28.20,-0.2000,1101
1515,力山,1316608,104748469,80.10,80.60,78.80,79.50,-0.2000,961
1516,川飛,233047,5198220,22.30,22.60,22.20,22.20,-0.2500,151
1517,利奇,17140363,268076665,15.85,15.90,15.40,15.70,0.0500,5960
1519,華城,3416188,175950853,52.20,52.50,50.80,51.10,-0.3000,2155
1521,大億,72300,3925150,54.40,54.60,54.00,54.00,-0.4000,41
1522,堤維西,117945,2469733,20.90,21.15,20.80,20.80,-0.0500,94
1524,耿鼎,124264,1162414,9.35,9.36,9.33,9.35,0.0000,78
1525,江申,104000,6691200,64.50,65.20,63.80,64.00,-1.0000,88
1526,日馳,2981002,154093400,51.80,52.50,50.90,51.10,0.2000,1699
1527,鑽全,324114,12720390,39.30,39.60,38.65,39.20,0.2000,224
1528,恩德,141004,1126182,7.99,8.05,7.97,8.00,0.0100,53
1529,樂士,167412,2469830,14.80,15.05,14.50,14.50,-0.1500,99
1530,亞崴,13457,403531,30.10,30.10,29.90,29.90,-0.5000,17
1531,高林股,69121,783467,11.40,11.40,11.25,11.35,-0.0500,80
1532,勤美,1139985,36912129,32.95,32.95,32.20,32.20,-0.5000,583
1533,車王電,119070,3771468,31.85,31.85,31.50,31.70,-0.1000,99
1535,中宇,52246,1718714,32.80,33.00,32.80,32.85,-0.1500,32
1536,和大,871580,79626021,91.80,91.80,91.00,91.50,1.1000,659
1537,廣隆,65351,8985609,137.50,138.00,137.00,137.00,-0.5000,56
1538,正峰新,96083,313831,3.32,3.37,3.21,3.21,-0.1000,54
1539,巨庭,66000,1277450,19.50,19.50,19.25,19.25,-0.3500,41
1540,喬福,2303,34082,14.80,14.80,14.80,14.80,0.0000,6
1541,錩泰,20064,1025642,51.50,51.50,50.90,51.10,0.4000,19
1558,伸興,20187,2767804,138.00,138.00,136.50,136.50,-1.0000,31
1560,中砂,136602,7966856,58.40,58.50,58.20,58.20,0.3000,116
1568,倉佑,148405,2578908,17.20,17.60,17.20,17.25,-0.1500,113
1582,信錦,835778,73466037,87.40,88.60,87.20,87.70,0.9000,634
1583,程泰,2371,141125,59.50,59.70,59.50,59.70,0.4000,6
1587,吉茂,953300,25127830,26.00,26.70,25.95,26.00,0.2000,584
1589,永冠-KY,1797989,168051972,92.80,94.40,92.70,93.70,1.4000,1218
1590,亞德客-KY,1126673,842459768,736.00,763.00,728.00,750.00,10.0000,1050
1592,英瑞-KY,105000,1088400,10.45,10.45,10.30,10.35,-0.0500,63
1598,岱宇,13690836,2053267407,148.00,155.50,145.00,148.50,2.0000,8417
1603,華電,10165,288693,28.55,28.55,28.25,28.55,0.2500,12
1604,聲寶,3152101,77390092,24.40,24.85,24.20,24.80,0.5000,1388
1605,華新,4107020,73348840,17.90,17.95,17.75,17.90,0.0500,1609
1608,華榮,2144916,23276002,10.95,11.00,10.75,10.75,-0.2000,618
1609,大亞,20716777,419642988,20.50,20.70,19.95,20.15,-0.3000,7428
1611,中電,3503385,40401772,11.50,11.65,11.45,11.50,0.1000,1228
1612,宏泰,7634713,113862239,15.50,15.65,14.65,14.70,-0.7500,2545
1614,三洋電,73200,2570740,35.05,35.25,35.05,35.10,0.0500,40
1615,大山,49002,1049242,21.45,21.60,21.20,21.45,0.0500,41
1616,億泰,713009,3975378,5.64,5.67,5.53,5.57,-0.0300,70
1617,榮星,7003,91138,13.00,13.10,12.95,12.95,0.0000,5
1618,合機,9032164,108541976,11.80,12.25,11.65,11.80,0.0500,1692
1626,艾美特-KY,139020,3196094,22.60,23.70,22.60,23.15,0.7000,78
1701,中化,765686,17910800,23.55,23.55,23.30,23.35,-0.0500,408
1702,南僑,200119,8656607,43.35,43.35,43.20,43.20,-0.1500,138
1707,葡萄王,399049,66470763,168.00,168.50,166.00,166.00,-2.0000,383
1708,東鹼,184364,4099620,22.20,22.40,22.10,22.10,-0.1000,124
1709,和益,560309,7968555,14.20,14.30,14.15,14.15,0.0000,189
1710,東聯,790775,13190270,16.70,16.80,16.60,16.60,-0.1000,308
1711,永光,1833983,30522990,16.50,16.80,16.50,16.60,0.2500,882
1712,興農,586284,11629958,19.80,19.90,19.80,19.85,0.0500,260
1713,國化,9001,162668,18.05,18.10,18.05,18.10,0.0500,6
1714,和桐,2157417,22859889,10.55,10.70,10.55,10.60,0.0000,720
1717,長興,2363152,81037272,34.55,34.75,34.10,34.20,-0.2500,1116
1718,中纖,5813794,49731185,8.55,8.62,8.51,8.51,-0.0100,1489
1720,生達,218597,8219590,37.55,37.75,37.45,37.65,0.1000,149
1721,三晃,126062,1266433,10.05,10.05,10.00,10.00,-0.0500,70
1722,台肥,1480694,75518590,51.00,51.20,50.80,51.00,0.1000,778
1723,中碳,159530,14693111,92.10,92.30,92.00,92.00,-0.1000,152
1724,台硝,4003,50786,12.70,12.70,12.65,12.70,0.0000,7
1725,元禎,11000,154250,13.95,14.05,13.95,14.05,0.0500,10
1726,永記,48555,3435354,70.20,71.20,70.20,70.80,0.9000,45
1727,中華化,58942,634092,10.70,10.85,10.65,10.75,0.0500,47
1730,花仙子,52719,3846025,72.60,73.00,72.60,73.00,0.2000,51
1731,美吾華,4091697,74469167,18.25,18.40,18.00,18.20,0.2000,1608
1732,毛寶,744859,17774480,24.30,24.60,23.35,23.55,-0.5500,457
1733,五鼎,75002,1823798,24.25,24.40,24.25,24.25,0.0500,50
1734,杏輝,813201,27191299,33.65,34.00,33.05,33.20,-0.4500,557
1735,日勝化,3000,50950,16.95,17.00,16.95,17.00,0.0500,2
1736,喬山,795159,53341705,67.50,67.80,66.60,66.80,-0.4000,562
1737,臺鹽,399940,13034220,32.75,32.75,32.50,32.65,0.0000,174
1760,寶齡富錦,1290177,147951813,116.50,117.00,113.00,113.50,-1.0000,858
1762,中化生,6156909,429804523,70.40,71.00,68.60,70.50,0.1000,3877
1773,勝一,109326,10971846,100.50,101.00,100.00,100.00,0.0000,115
1776,展宇,20000,310150,15.50,15.55,15.50,15.55,0.0000,4
1783,和康生,90001,2010722,22.50,22.55,22.15,22.25,-0.3000,54
1786,科妍,114451,7459415,66.10,66.10,64.70,65.00,0.1000,103
1789,神隆,472840,13708845,29.30,29.40,28.80,28.90,-0.2500,293
1795,美時,697682,57902866,83.60,83.70,82.60,83.00,0.2000,494
1802,台玻,17446537,235561210,13.30,13.75,13.20,13.55,0.4000,4570
1805,寶徠,17622,175911,9.90,10.05,9.90,9.90,-0.1000,17
1806,冠軍,353338,2172214,6.20,6.20,6.12,6.19,-0.0100,154
1808,潤隆,84360,5280675,63.40,63.40,62.40,62.50,-0.3000,94
1809,中釉,9048232,110116185,11.85,12.50,11.75,11.85,0.0000,2988
1810,和成,526780,4748282,8.97,9.06,8.97,8.99,0.0200,156
1817,凱撒衛,204894,6561953,32.05,32.40,31.90,31.90,-0.1500,131
1903,士紙,195158,13023639,66.80,67.50,66.20,67.00,0.2000,145
1904,正隆,4739833,154492492,32.70,32.85,32.40,32.70,0.1000,2058
1905,華紙,9427019,90383488,9.36,9.75,9.36,9.51,0.2900,2768
1906,寶隆,52480,764710,14.60,14.70,14.50,14.50,-0.0500,27
1907,永豐餘,4798525,97691455,20.25,20.60,20.20,20.60,0.3500,1714
1909,榮成,4025376,64918549,16.20,16.30,16.00,16.00,-0.2000,1233
2002,中鋼,9949118,205383011,20.70,20.70,20.55,20.70,0.0000,2796
2002A,中鋼特,49442,2471821,50.20,50.20,49.95,50.10,-0.1000,36
2006,東和鋼鐵,6509749,199851367,30.65,30.95,30.50,30.60,0.2500,2790
2007,燁興,576111,3831311,6.79,6.83,6.56,6.60,-0.1700,247
2008,高興昌,31489,417404,13.45,13.45,13.10,13.40,-0.0500,24
2009,第一銅,301364,2846601,9.45,9.50,9.38,9.41,0.0100,165
2010,春源,6362265,74080646,11.45,11.75,11.35,11.65,0.2500,1573
2012,春雨,72137,1154325,16.00,16.05,16.00,16.00,-0.0500,41
2013,中鋼構,1232117,37879907,31.15,31.30,30.50,30.55,-0.4500,676
2014,中鴻,5501763,56164938,10.25,10.30,10.10,10.20,0.0000,1577
2015,豐興,210571,12058199,57.10,57.50,57.00,57.10,0.1000,138
2017,官田鋼,251858,2050096,8.17,8.18,8.12,8.15,-0.0300,137
2020,美亞,139005,2248130,16.20,16.30,16.10,16.20,0.0000,85
2022,聚亨,446275,2254666,5.07,5.07,5.04,5.06,-0.0100,143
2023,燁輝,1313759,13394368,10.35,10.35,10.15,10.20,-0.1000,554
2024,志聯,10007,146049,14.60,14.70,14.50,14.50,-0.2500,14
2025,千興,186201,495141,2.67,2.67,2.65,2.65,-0.0500,51
2027,大成鋼,31505299,765123969,23.90,24.65,23.80,24.10,0.2500,13830
2028,威致,657042,6711625,10.35,10.35,10.20,10.20,-0.0500,62
2029,盛餘,22205,409791,18.45,18.50,18.45,18.45,0.0000,18
2030,彰源,153518,1599234,10.35,10.50,10.35,10.40,0.0000,71
2031,新光鋼,457944,14555070,32.20,32.20,31.65,31.80,0.1000,298
2032,新鋼,561000,5620560,10.05,10.10,9.96,9.99,0.0900,177
2033,佳大,93630,889031,9.60,9.61,9.31,9.55,-0.0800,66
2034,允強,108609,2519039,23.15,23.20,23.15,23.20,0.1000,61
2038,海光,392000,3900180,10.05,10.05,9.86,9.86,-0.1000,157
2049,上銀,1038075,275994035,266.50,269.00,263.00,264.50,0.0000,982
2059,川湖,339378,100132581,293.00,297.00,293.00,295.00,2.5000,284
2062,橋椿,109000,2591650,23.85,23.85,23.70,23.75,-0.0500,72
2069,運錩,22000,324200,14.80,14.85,14.65,14.75,0.1000,12
2101,南港,1055684,44586862,42.70,42.70,41.95,41.95,-0.3500,601
2102,泰豐,1257324,25903627,20.55,20.75,20.50,20.50,0.0000,443
2103,台橡,3336923,65866565,19.70,19.90,19.55,19.70,0.0500,1252
2104,國際中橡,1507152,30030453,20.10,20.20,19.80,19.85,-0.2000,642
2105,正新,7620317,291214582,38.05,38.40,37.70,38.25,0.2500,2684
2106,建大,4139057,140707392,34.00,34.20,33.70,34.20,0.4000,1301
2107,厚生,1655139,33713566,20.10,20.65,20.10,20.40,0.3500,796
2108,南帝,12836849,918483962,72.10,73.10,69.50,72.20,0.2000,7427
2109,華豐,529320,6348856,12.00,12.15,11.85,12.05,0.2000,190
2114,鑫永銓,58051,4758687,81.80,82.20,81.70,81.70,-0.2000,46
2115,六暉-KY,90991,3829857,41.95,42.30,41.95,42.25,0.3500,73
2201,裕隆,5468314,186789856,34.80,35.05,33.85,34.00,-0.9000,2622
2204,中華,433023,19398573,44.70,44.95,44.60,44.80,0.1500,373
2206,三陽工業,752865,17294328,23.00,23.10,22.90,22.95,0.0500,332
2207,和泰車,188783,121109691,639.00,644.00,638.00,642.00,3.0000,216
2208,台船,581868,14227949,24.70,24.70,24.30,24.40,-0.1500,378
2227,裕日車,30265,7501658,249.00,249.00,247.50,248.00,0.0000,40
2228,劍麟,120100,9517681,79.50,79.50,78.90,79.50,0.2000,90
2231,為升,8463582,1479080165,168.50,178.00,168.50,174.00,9.0000,5456
2233,宇隆,1629648,134162375,82.20,84.00,80.30,80.40,-0.8000,1168
2236,百達-KY,42249,722853,16.80,17.45,16.70,16.70,-0.1000,36
2239,英利-KY,1413787,118933992,81.40,85.90,81.00,85.80,6.9000,1132
2241,艾姆勒,69200,3557900,51.70,51.90,51.10,51.40,-0.5000,61
2243,宏旭-KY,23100,251860,10.95,11.00,10.80,11.00,0.2000,20
2247,汎德永業,208581,53444847,260.00,260.00,255.00,255.00,-3.0000,262
2301,光寶科,4219844,200000255,47.80,47.80,47.15,47.25,-0.0500,2333
2302,麗正,2084871,40080076,18.85,19.75,18.85,18.85,0.0000,1089
2303,聯電,149150341,4558138750,30.80,31.20,30.10,30.50,-0.0500,36865
2305,全友,457384,3500148,7.66,7.73,7.62,7.63,0.0300,210
2308,台達電,8969254,1745984408,191.00,197.50,190.00,194.50,5.0000,5815
2312,金寶,2149634,23168501,10.80,10.85,10.70,10.80,0.0500,661
2313,華通,20537887,939115383,45.60,46.20,45.20,45.30,0.6000,9546
2314,台揚,459906,10175742,22.30,22.35,21.85,22.00,-0.1500,245
2316,楠梓電,336326,9671734,28.70,28.90,28.55,28.75,0.0000,272
2317,鴻海,21927838,1745003872,79.60,79.90,79.30,79.70,0.7000,9256
2321,東訊,57456,592882,10.10,11.00,10.10,10.10,-0.4500,68
2323,中環,5117441,41685183,8.19,8.24,8.08,8.09,-0.0800,1514
2324,仁寶,5350743,100954825,18.85,18.90,18.80,18.90,0.0500,1910
2327,國巨,8412000,3230764637,387.50,387.50,381.00,381.50,-5.0000,6639
2328,廣宇,567634,9912310,17.50,17.55,17.35,17.35,-0.0500,294
2329,華泰,2987705,33647170,11.15,11.40,11.10,11.15,0.1000,1002
2330,台積電,32644190,14788989058,455.00,455.50,450.00,452.50,1.5000,20999
2331,精英,9933737,178469563,17.60,18.35,17.40,17.70,0.0500,3752
2332,友訊,7722985,146594028,18.85,19.10,18.75,19.00,0.2500,1763
2337,旺宏,24389544,779304818,32.20,32.35,31.65,31.70,-0.2500,8740
2338,光罩,3311692,95742025,28.75,29.35,28.50,28.60,0.0500,1543
2340,光磊,27737242,674720909,24.60,24.80,24.00,24.05,0.2500,9232
2342,茂矽,1347336,37746096,28.20,28.30,27.75,27.75,-0.3000,710
2344,華邦電,104006316,1837537410,17.70,18.10,17.30,17.35,0.0000,23724
2345,智邦,1413157,301500484,211.50,214.50,211.50,214.50,2.5000,1043
2347,聯強,2510997,108023911,42.65,43.20,42.65,43.05,0.4000,1454
2348,海悅,510497,46744471,92.00,92.90,90.60,91.20,-0.8000,396
2349,錸德,4424189,47376305,10.75,10.90,10.55,10.70,-0.1500,1380
2351,順德,486216,29850084,62.40,62.40,60.50,60.60,-1.0000,387
2352,佳世達,3641651,69682643,19.25,19.25,19.00,19.05,-0.1000,1742
2353,宏碁,23950650,563035931,23.45,23.65,23.40,23.55,0.2500,7684
2354,鴻準,1464312,75211388,51.50,51.60,51.10,51.30,0.1000,874
2355,敬鵬,2910118,86657215,29.60,30.15,29.30,29.65,0.2000,1554
2356,英業達,5554402,123538904,22.30,22.35,22.15,22.30,0.0000,2198
2357,華碩,2079889,507828956,245.00,245.00,242.00,245.00,2.0000,1454
2358,廷鑫,39750,592723,15.00,15.00,14.85,14.95,-0.0500,28
2359,所羅門,366254,6668795,18.25,18.30,18.10,18.15,-0.1000,199
2360,致茂,1687063,244515045,146.00,146.50,143.50,145.00,-2.0000,1008
2362,藍天,262543,7699663,29.45,29.45,29.20,29.40,0.0500,164
2363,矽統,5248240,58893436,11.40,11.40,11.10,11.10,-0.2000,1717
2364,倫飛,166404,647516,3.99,3.99,3.85,3.85,-0.0200,52
2365,昆盈,1529854,16984581,11.15,11.30,10.95,10.95,-0.0500,605
2367,燿華,5819412,127128398,21.70,22.10,21.55,21.55,-0.0500,2351
2368,金像電,11406393,511096567,44.75,45.50,44.30,44.30,-0.1000,5648
2369,菱生,1203432,12941343,10.85,10.85,10.65,10.70,-0.0500,438
2371,大同,7259629,148193487,20.45,20.55,20.20,20.40,0.0500,1921
2373,震旦行,4001,341285,85.80,85.80,85.00,85.20,-0.2000,5
2374,佳能,219189,2866860,13.15,13.20,13.00,13.10,0.1000,119
2375,凱美,7619851,384225520,50.60,51.50,49.65,50.00,-0.8000,4839
2376,技嘉,4542089,331182181,72.40,73.30,72.40,72.70,0.7000,2918
2377,微星,3200714,382432739,119.50,121.00,118.50,119.50,1.0000,2346
2379,瑞昱,5052141,1831551513,353.00,368.00,353.00,361.50,8.5000,4127
2380,虹光,379434,2335262,6.19,6.20,6.12,6.13,-0.0300,157
2382,廣達,7522344,552944999,72.90,73.80,72.80,73.80,1.1000,3331
2383,台光電,2393008,352997474,148.00,148.50,146.00,146.50,-1.0000,1633
2385,群光,3061604,267708623,88.30,88.40,86.60,86.80,-1.6000,2003
2387,精元,10156395,697281827,66.70,70.90,66.50,67.70,1.4000,5936
2388,威盛,1815641,69298832,38.20,38.80,37.80,37.80,-0.4000,985
2390,云辰,1013894,15966299,15.85,16.00,15.55,15.60,-0.1500,410
2392,正崴,884683,36095467,40.90,40.95,40.65,40.80,0.0500,598
2393,億光,1787074,69601315,39.15,39.45,38.50,38.55,-0.3500,1038
2395,研華,707884,203728496,291.00,291.00,286.50,287.50,-0.5000,589
2397,友通,24000,1573700,65.50,65.70,65.40,65.40,-0.1000,20
2399,映泰,61689052,1018209718,15.70,16.60,15.70,16.60,1.5000,11594
2401,凌陽,4593905,66285236,14.30,14.60,14.25,14.55,0.3000,1434
2402,毅嘉,899376,15696122,17.65,17.65,17.30,17.35,-0.1000,392
2404,漢唐,1421632,290046283,202.00,206.00,202.00,203.50,2.5000,1171
2405,浩鑫,558273,4983024,8.97,9.00,8.88,8.99,0.0900,194
2406,國碩,16860697,431216194,25.50,26.35,24.85,24.95,-0.4500,7258
2408,南亞科,11230733,671123059,60.00,60.10,59.40,59.80,0.4000,6264
2409,友達,113226270,1301257246,11.70,11.75,11.40,11.45,-0.2500,15784
2412,中華電,5093971,557628583,109.50,110.00,109.00,109.50,-0.5000,3059
2413,環科,350160,6577263,18.85,19.05,18.65,18.70,0.0500,216
2414,精技,199692,5023216,24.90,25.25,24.90,25.15,0.3500,141
2415,錩新,73000,1124150,15.35,15.45,15.35,15.35,0.0500,48
2417,圓剛,12909813,786527961,61.60,62.20,60.10,60.20,-1.2000,7020
2419,仲琦,579450,11584308,20.15,20.15,19.90,19.95,-0.1000,284
2420,新巨,105131,3395068,32.30,32.35,32.20,32.30,0.2000,80
2421,建準,2986153,169196495,57.30,57.60,56.00,56.20,-1.5000,2266
2423,固緯,315132,7084472,22.45,22.65,22.30,22.55,0.1500,181
2424,隴華,35711,725362,20.20,21.20,20.20,20.55,-1.2500,35
2425,承啟,10989606,328901422,29.10,30.65,29.10,30.35,2.0000,5929
2426,鼎元,3268697,57756413,17.90,18.00,17.45,17.50,-0.3000,1442
2427,三商電,59000,613200,10.45,10.45,10.35,10.45,0.0000,31
2428,興勤,894875,103042318,114.50,117.00,113.50,115.50,2.0000,655
2429,銘旺科,214224,4266390,19.55,20.40,19.50,20.05,0.5000,142
2430,燦坤,452884,8372280,18.35,18.60,18.30,18.50,0.4000,204
2431,聯昌,413156,4484992,10.90,11.00,10.75,10.85,0.0500,168
2433,互盛電,19871,954783,48.00,48.20,48.00,48.10,0.1000,22
2434,統懋,6299,164502,26.10,26.20,26.10,26.20,0.1000,8
2436,偉詮電,3974432,123372759,31.30,31.55,30.35,30.40,-0.9000,2170
2438,翔耀,29810,184994,6.22,6.30,6.18,6.30,0.0000,25
2439,美律,2609134,366372564,140.50,142.00,139.00,140.50,0.0000,1853
2440,太空梭,161293,1718366,10.60,10.75,10.55,10.75,0.3000,87
2441,超豐,485217,24348477,50.40,50.40,49.95,50.10,0.0000,320
2442,新美齊,624680,6727859,10.80,10.90,10.65,10.75,-0.0500,253
2443,億麗,244024,1148759,4.70,4.77,4.63,4.68,0.0700,128
2444,兆勁,253059,3665971,14.40,14.55,14.40,14.55,0.0500,85
2448,晶電,12996302,459269091,35.80,35.85,35.00,35.05,0.1000,5363
2449,京元電子,26707706,853660407,32.40,32.55,31.50,31.85,-0.0500,11011
2450,神腦,48317,1392487,28.75,28.90,28.75,28.80,0.3000,93
2451,創見,736187,46905243,63.50,64.00,63.40,63.80,0.3000,567
2453,凌群,94021,1546342,16.50,16.60,16.40,16.45,0.0000,59
2454,聯發科,7383559,5156129124,701.00,704.00,692.00,700.00,4.0000,6770
2455,全新,3743528,323057425,85.50,87.20,85.50,85.50,0.6000,2629
2456,奇力新,14029153,1642746868,117.50,119.00,115.00,116.00,0.0000,9040
2457,飛宏,7632710,93618784,12.40,12.60,12.00,12.15,-0.2500,2090
2458,義隆,2848091,392099894,137.00,139.00,136.50,137.00,-1.0000,1913
2459,敦吉,159502,7123478,44.50,44.80,44.50,44.65,0.3500,115
2460,建通,1133908,16045721,13.90,14.50,13.90,14.10,0.2000,341
2461,光群雷,371370,5688808,15.45,15.45,15.25,15.30,0.0000,152
2462,良得電,103166,2485334,24.20,24.35,24.00,24.35,0.3500,36
2464,盟立,372008,15219978,40.95,41.15,40.80,40.80,0.0000,234
2465,麗臺,3873662,65009479,16.30,16.90,16.05,16.90,1.5000,1127
2466,冠西電,76295,2286691,29.90,30.10,29.90,30.00,0.1000,42
2467,志聖,1381062,44280545,31.90,32.30,31.80,31.90,0.1500,771
2468,華經,8079,105834,13.10,13.10,13.10,13.10,0.0000,8
2471,資通,41336,848642,20.55,20.55,20.50,20.50,0.0000,28
2472,立隆電,953270,51273653,54.20,54.50,53.40,53.40,-0.5000,521
2474,可成,2750285,510663821,187.50,187.50,184.50,186.00,1.0000,1815
2476,鉅祥,43662,817312,18.75,18.75,18.65,18.70,-0.0500,34
2477,美隆電,128180,3719116,28.85,29.20,28.85,28.85,-0.3000,90
2478,大毅,1878206,133023672,71.70,71.80,70.20,70.50,-0.5000,1265
2480,敦陽科,296157,19464907,65.30,66.00,65.30,65.50,0.2000,276
2481,強茂,6292372,238851842,38.05,38.45,37.55,37.65,-0.2500,3064
2482,連宇,33577,337157,10.10,10.10,10.00,10.00,-0.1000,55
2483,百容,22000,417550,19.00,19.00,18.95,19.00,0.0000,15
2484,希華,308861,6482465,20.95,21.20,20.80,20.80,-0.1500,187
2485,兆赫,429660,7703016,18.10,18.10,17.85,17.85,-0.1500,297
2486,一詮,13253244,178985551,13.70,13.95,13.00,13.15,-0.8000,3927
2488,漢平,94080,2703162,28.85,28.90,28.60,28.65,-0.0500,61
2489,瑞軒,2800534,29883025,10.65,10.80,10.60,10.60,0.0500,819
2491,吉祥全,90348,804380,8.83,8.92,8.83,8.88,0.0600,34
2492,華新科,9708403,1745340260,181.50,181.50,178.00,178.00,-1.0000,6656
2493,揚博,705378,23582023,33.50,33.60,33.20,33.50,-0.0500,417
2495,普安,508777,6322066,12.35,12.50,12.35,12.35,0.0000,133
2496,卓越,4407,266331,60.40,60.60,60.40,60.60,0.6000,10
2497,怡利電,65041,1096908,17.15,17.15,16.80,16.80,0.0000,33
2498,宏達電,2386142,69126364,29.15,29.20,28.80,28.80,-0.1500,997
2501,國建,416979,8085920,19.40,19.45,19.35,19.35,0.0500,222
2504,國產,3729918,99660150,26.70,26.90,26.50,26.75,0.3500,1628
2505,國揚,1819437,43192935,23.95,23.95,23.60,23.65,-0.1000,833
2506,太設,76900,731820,9.47,9.55,9.47,9.52,0.0400,49
2509,全坤建,86551,1641769,18.90,19.20,18.80,19.05,0.1500,55
2511,太子,1084680,11637885,10.75,10.80,10.70,10.70,-0.0500,320
2514,龍邦,186388,2511958,13.50,13.50,13.40,13.50,0.0000,165
2515,中工,2218983,16515389,7.45,7.47,7.41,7.44,0.0000,551
2516,新建,344385,1851771,5.36,5.44,5.31,5.34,0.0200,112
2520,冠德,4100130,142311627,34.80,35.10,34.50,34.80,-0.2000,1569
2524,京城,181292,6795539,37.80,37.80,37.25,37.45,-0.3000,94
2527,宏璟,49035,906687,18.55,18.55,18.45,18.50,0.0000,35
2528,皇普,43213,1033320,23.90,24.10,23.85,23.85,0.0000,24
2530,華建,1218031,18701647,15.35,15.45,15.30,15.30,-0.0500,163
2534,宏盛,367278,6380205,17.35,17.45,17.30,17.35,-0.0500,221
2535,達欣工,1362833,37699347,27.80,27.80,27.55,27.70,0.1000,513
2536,宏普,671563,15938258,23.85,23.85,23.65,23.75,-0.1000,321
2537,聯上發,1111815,11333337,10.35,10.35,10.10,10.25,-0.0500,392
2538,基泰,301914,2932690,9.74,9.74,9.68,9.69,-0.0400,120
2539,櫻花建,116923,3532842,30.50,30.50,30.15,30.15,-0.0500,77
2540,愛山林,254550,15965329,63.10,64.40,61.70,61.70,-1.5000,168
2542,興富發,2573972,107900326,42.00,42.20,41.80,41.90,-0.1000,2104
2543,皇昌,14861,104453,7.03,7.05,7.00,7.00,0.0100,20
2545,皇翔,113000,4345200,38.40,38.60,38.30,38.60,0.2000,74
2546,根基,131832,6080635,46.15,46.70,45.90,46.05,-0.1000,116
2547,日勝生,610488,6396685,10.60,10.60,10.45,10.45,-0.0500,238
2548,華固,371975,32483483,87.50,87.60,86.90,87.30,0.4000,333
2597,潤弘,20000,1202900,60.20,60.20,60.10,60.20,0.1000,15
2601,益航,2233319,19840303,8.98,8.98,8.84,8.86,-0.1200,798
2603,長榮,127865487,2570100500,19.90,20.40,19.80,20.35,0.5500,27417
2605,新興,1732865,24597850,14.20,14.30,14.10,14.25,0.0500,597
2606,裕民,2535441,72997199,28.90,28.95,28.65,28.80,-0.1500,1506
2607,榮運,1253823,18687434,14.90,15.00,14.75,14.95,0.1000,400
2608,嘉里大榮,64828,2617717,40.50,40.50,40.20,40.35,-0.0500,61
2609,陽明,69864715,885637668,12.35,13.20,12.20,12.90,0.6500,15964
2610,華航,55201519,457013833,8.20,8.39,8.20,8.32,-0.2600,12647
2611,志信,372182,2627676,7.09,7.16,7.03,7.04,-0.0500,79
2612,中航,50142,1251098,25.20,25.20,24.80,24.90,-0.3000,52
2613,中櫃,856396,14383392,16.30,17.10,16.30,16.70,0.4000,515
2614,東森,12353579,218845179,17.85,18.10,17.40,17.45,-0.4000,4371
2615,萬海,7452409,216901619,29.00,29.40,28.75,29.35,0.4000,3127
2616,山隆,24619,737858,29.95,30.00,29.95,29.95,-0.0500,50
2617,台航,556160,9204474,16.60,16.70,16.50,16.60,-0.0500,220
2618,長榮航,10128438,111527414,10.95,11.10,10.90,11.00,0.0000,3412
2630,亞航,230240,3559610,15.35,16.50,15.15,16.50,0.0000,115
2633,台灣高鐵,3682584,111488974,30.20,30.35,30.15,30.30,0.1000,1378
2634,漢翔,890260,24863057,27.80,28.10,27.75,28.05,0.3000,548
2636,台驊投控,1013048,38937097,38.75,38.85,38.20,38.35,-0.2500,675
2637,慧洋-KY,344798,7281659,21.05,21.20,21.05,21.15,0.0500,186
2642,宅配通,357389,12441311,35.05,35.10,34.70,34.70,-0.3000,233
2701,萬企,1037851,11665800,11.65,11.75,11.65,11.65,-0.0500,61
2702,華園,45219,703105,15.50,15.60,15.50,15.55,0.1000,23
2704,國賓,342154,10291805,30.35,30.70,29.80,29.95,-0.4000,199
2705,六福,443131,9811766,22.20,22.40,22.05,22.15,-0.0500,242
2706,第一店,45962,612883,13.30,13.40,13.30,13.35,0.1000,39
2707,晶華,59508,7598977,128.00,128.00,127.00,128.00,0.0000,60
2712,遠雄來,,,,,,,0.0000,
2722,夏都,18001,456375,25.30,25.45,25.30,25.30,-0.1000,17
2723,美食-KY,558231,59240418,105.50,107.00,105.50,106.00,0.0000,393
2727,王品,442747,34175094,76.40,77.90,76.40,77.70,1.3000,392
2731,雄獅,54001,3515971,65.20,65.40,64.90,65.00,-0.3000,43
2739,寒舍,37000,895950,24.45,24.45,24.05,24.15,0.0500,31
2748,雲品,56000,2199700,39.55,39.55,39.15,39.15,-0.4000,49
2801,彰銀,2426311,42651815,17.60,17.65,17.50,17.65,0.1000,888
2809,京城銀,879903,34106982,38.85,38.95,38.50,38.70,-0.0500,574
2812,台中銀,3055177,33145443,10.80,10.90,10.80,10.85,0.0000,897
2816,旺旺保,110406,2146018,19.40,19.50,19.40,19.50,0.1000,62
2820,華票,519098,7640224,14.70,14.75,14.65,14.65,-0.0500,289
2823,中壽,6235605,120818547,19.45,19.45,19.30,19.45,0.0500,1615
2832,台產,106217,2103846,19.80,19.85,19.75,19.85,0.0000,53
2834,臺企銀,8677306,83711921,9.62,9.67,9.60,9.66,0.0400,2898
2836,高雄銀,1015840,10353089,10.20,10.25,10.10,10.15,0.0000,243
2838,聯邦銀,536461,5420805,10.10,10.15,10.05,10.10,0.0000,218
2838A,聯邦銀甲特,73000,3796500,52.00,52.10,52.00,52.10,0.1000,40
2841,台開,1133900,8320025,7.36,7.39,7.30,7.32,-0.0200,467
2845,遠東銀,1240583,12897030,10.40,10.45,10.35,10.45,0.0500,411
2849,安泰銀,69013,1018739,14.70,14.85,14.70,14.75,0.1500,40
2850,新產,105503,3936694,37.25,37.40,37.15,37.35,0.1000,67
2851,中再保,511469,10851096,21.10,21.30,21.10,21.25,0.2000,222
2852,第一保,308001,3985512,13.00,13.00,12.85,13.00,0.0000,95
2855,統一證,574877,8591369,14.95,15.00,14.90,14.90,0.0000,252
2867,三商壽,3423000,29001995,8.53,8.58,8.43,8.46,-0.1600,1119
2880,華南金,7299083,128916562,17.65,17.70,17.55,17.70,0.0500,2540
2881,富邦金,8335274,348818916,41.65,41.95,41.65,41.95,0.3000,2942
2881A,富邦特,241485,14945769,61.80,62.10,61.80,62.10,0.2000,79
2881B,富邦金乙特,443819,27382641,61.80,61.80,61.60,61.70,-0.3000,165
2882,國泰金,8107374,317825057,39.20,39.30,39.00,39.30,0.1000,3177
2882A,國泰特,102373,6357560,62.10,62.20,62.00,62.20,0.1000,89
2882B,國泰金乙特,6127,381774,62.00,62.50,62.00,62.50,0.0000,14
2883,開發金,19137477,163599994,8.55,8.58,8.50,8.58,0.0600,3041
2884,玉山金,20476586,515818372,25.10,25.30,25.05,25.30,0.2500,8312
2885,元大金,18432319,336011743,18.15,18.30,18.10,18.30,0.0500,5257
2886,兆豐金,11903560,339079242,28.45,28.55,28.40,28.50,0.1000,5714
2887,台新金,9184717,119111123,12.95,13.00,12.90,13.00,0.0500,2383
2887E,台新戊特,273000,14272700,52.50,52.50,52.20,52.50,0.0000,42
2887F,台新戊特二,50894,2596239,51.00,51.10,50.90,51.10,0.2000,51
2888,新光金,20292567,164702487,8.12,8.14,8.09,8.12,0.0100,2266
2888A,新光金甲特,6886,298778,43.50,43.50,43.45,43.45,-0.1000,13
2888B,新光金乙特,367524,15437780,42.05,42.05,41.95,42.00,-0.0500,185
2889,國票金,4269347,50657180,11.85,11.90,11.80,11.85,0.1000,1055
2890,永豐金,11231141,122935473,11.00,11.00,10.90,10.95,-0.0500,2213
2891,中信金,30129321,556691237,18.30,18.65,18.25,18.65,0.3500,7966
2891B,中信金乙特,7455,476936,64.30,64.30,63.90,64.30,0.3000,12
2891C,中信金丙特,2520,156840,62.30,62.40,62.30,62.40,0.0000,14
2892,第一金,13696722,284844944,20.70,20.90,20.70,20.90,0.1000,5562
2897,王道銀行,2233353,14335828,6.44,6.44,6.39,6.43,0.0100,413
2897A,王道銀甲特,93091,940323,10.15,10.15,10.10,10.10,-0.0500,24
2901,欣欣,12457,295213,23.80,23.80,23.60,23.70,0.0500,32
2903,遠百,384364,9303007,24.20,24.30,24.15,24.15,-0.0500,251
2904,匯僑,77390,1897142,24.55,24.55,24.45,24.55,0.0000,52
2905,三商,430569,9030092,21.05,21.10,20.85,20.90,-0.1500,259
2906,高林,812065,11294944,13.90,14.00,13.85,13.90,0.0000,178
2908,特力,181111,4775559,26.35,26.50,26.25,26.35,0.1500,93
2910,統領,11000,349850,31.90,31.95,31.70,31.90,0.1000,8
2911,麗嬰房,77356,511953,6.65,6.65,6.58,6.61,-0.0400,94
2912,統一超,2592645,670725411,261.50,262.00,256.50,258.50,-3.5000,2678
2913,農林,285784,4752357,16.70,16.70,16.60,16.60,-0.1500,164
2915,潤泰全,803882,53288823,66.40,66.60,66.10,66.10,-0.4000,494
2923,鼎固-KY,25000,622100,24.85,24.90,24.80,24.80,0.0000,8
2929,淘帝-KY,384452,11713515,30.55,30.60,30.30,30.50,0.2500,328
2936,客思達-KY,42000,872800,20.95,20.95,20.65,20.70,-0.2500,29
2939,凱羿-KY,94000,8696500,92.90,93.40,91.70,92.40,-0.5000,60
3002,歐格,657000,8467350,12.85,13.15,12.65,12.70,0.0000,296
3003,健和興,282000,10981750,39.20,39.20,38.65,38.75,-0.0500,195
3004,豐達科,135606,6495728,48.15,48.25,47.65,47.80,-0.7500,110
3005,神基,609721,28925787,47.40,47.65,47.25,47.25,0.2500,423
3006,晶豪科,2781663,116949575,42.40,42.65,41.65,41.75,-0.2500,1654
3008,大立光,1303894,4067541200,3165.00,3195.00,3065.00,3145.00,-55.0000,4302
3010,華立,1054783,67790102,64.70,65.00,63.60,63.80,-0.6000,764
3011,今皓,87001,533296,6.22,6.22,6.10,6.15,0.0000,46
3013,晟銘電,209549,2706341,12.95,13.00,12.80,12.90,0.0000,83
3014,聯陽,1001259,68993478,69.20,69.70,68.30,68.30,-0.4000,725
3015,全漢,881361,29927222,33.55,34.20,33.55,34.00,0.4500,478
3016,嘉晶,1091809,67013133,61.30,62.10,60.60,60.60,-0.3000,759
3017,奇鋐,16775365,1170000401,69.80,71.50,67.70,68.00,-1.0000,9380
3018,同開,53368,1084442,20.55,20.55,20.20,20.20,-0.2000,68
3019,亞光,476503,30950483,65.20,65.50,64.60,64.70,-0.2000,370
3021,鴻名,112551,1717825,15.30,15.40,15.15,15.30,0.1000,61
3022,威強電,159213,7093380,44.50,44.85,44.45,44.60,0.2500,108
3023,信邦,559072,110846389,197.50,200.00,197.00,199.00,1.5000,548
3024,憶聲,896128,10037072,11.30,11.35,11.15,11.25,0.0000,300
3025,星通,199001,3771269,19.20,19.20,18.80,18.80,0.2000,90
3026,禾伸堂,1695198,181887815,108.00,108.50,106.50,107.00,0.0000,1262
3027,盛達,3167422,68907001,21.95,22.25,21.10,21.30,0.0000,1407
3028,增你強,192080,4061179,21.20,21.20,21.10,21.20,0.0500,114
3029,零壹,621144,23524998,38.20,38.20,37.60,37.60,-0.3000,382
3030,德律,374207,20778616,55.40,55.80,55.10,55.50,0.5000,291
3031,佰鴻,74078,987329,13.45,13.45,13.25,13.35,0.0500,40
3032,偉訓,1069534,52475163,49.25,49.70,48.60,48.65,-0.3500,613
3033,威健,2615175,48437597,18.60,18.65,18.40,18.40,0.0500,1125
3034,聯詠,5338886,1466913570,273.00,277.50,271.00,273.00,3.0000,3913
3035,智原,1601014,68320992,42.60,43.00,42.30,42.50,0.2000,1055
3036,文曄,545305,20420426,37.45,37.55,37.20,37.45,0.0500,278
3036A,文曄甲特,88000,4221350,48.00,48.00,47.90,47.95,-0.0500,76
3037,欣興,64914747,4544395236,69.30,71.20,68.80,68.80,0.0000,33682
3038,全台,1736096,30775394,17.80,17.95,17.45,17.60,-0.0500,654
3040,遠見,453375,15973213,35.05,35.60,34.95,35.35,1.0000,302
3041,揚智,8191427,238487932,28.75,29.75,28.50,28.75,0.0000,3967
3042,晶技,4685983,358660934,76.00,77.30,75.50,76.40,0.2000,2765
3043,科風,1493470,10084710,6.95,6.95,6.60,6.69,0.0000,441
3044,健鼎,988129,116840601,117.50,119.00,117.50,118.50,1.0000,805
3045,台灣大,4273383,424729601,98.60,100.00,98.20,100.00,1.4000,3114
3046,建碁,61026,889072,14.25,15.15,14.10,14.80,0.7000,58
3047,訊舟,4993923,72352079,14.40,14.75,14.25,14.40,0.3000,2116
3048,益登,675228,12525917,18.50,18.70,18.50,18.50,0.0000,275
3049,和鑫,46028190,471206158,10.20,10.40,10.00,10.00,0.0000,4985
3050,鈺德,12323136,154157126,12.35,12.85,12.10,12.20,0.2000,4211
3051,力特,72702,328065,4.59,4.59,4.47,4.50,-0.0200,38
3052,夆典,444345,4913022,11.05,11.15,11.00,11.00,0.0500,181
3054,立萬利,10000,229900,22.70,23.65,22.70,23.00,0.5000,9
3055,蔚華科,349911,11855894,33.40,34.30,33.40,33.85,0.4500,252
3056,總太,585598,22603628,38.65,38.75,38.40,38.65,-0.2000,352
3057,喬鼎,152905,1655803,10.75,10.95,10.75,10.85,0.1000,174
3058,立德,294218,2578990,8.83,8.83,8.72,8.74,-0.0900,134
3059,華晶科,786380,20338378,26.15,26.15,25.70,25.85,0.0000,306
3060,銘異,203829,2779892,13.70,13.75,13.60,13.60,-0.0500,116
3062,建漢,415233,5888750,14.30,14.30,14.10,14.10,-0.1000,187
3090,日電貿,438421,20166566,46.30,46.30,45.90,46.00,0.1000,301
3094,聯傑,134009,2921947,21.80,22.00,21.70,21.75,-0.0500,90
3130,一零四,2172,316136,145.00,146.00,145.00,146.00,0.5000,10
3149,正達,2175123,35271041,16.50,16.50,16.05,16.10,-0.2500,995
3164,景岳,44078,994765,22.70,22.80,22.45,22.45,-0.2000,32
3167,大量,37000,1579700,42.60,42.70,42.60,42.65,-0.0500,27
3189,景碩,21371030,1677215888,78.80,80.20,76.20,77.20,-1.1000,11698
3209,全科,1294694,26162953,20.25,20.40,20.00,20.40,0.2500,566
3229,晟鈦,43000,396760,9.36,9.37,9.15,9.16,0.0300,22
3231,緯創,4640498,135475976,29.30,29.35,29.05,29.15,0.0500,2107
3257,虹冠電,196344,14003151,71.50,71.80,71.00,71.30,-0.2000,178
3266,昇陽,58000,839150,14.55,14.55,14.40,14.50,0.0000,19
3296,勝德,257000,3545350,14.00,14.05,13.60,13.95,0.0000,82
3305,昇貿,274423,6613945,24.30,24.35,23.90,23.90,-0.2000,141
3308,聯德,30595,204710,6.68,6.72,6.60,6.72,0.0200,24
3311,閎暉,277275,8138756,29.40,29.45,29.30,29.30,-0.0500,251
3312,弘憶股,328387,4397377,13.20,13.50,13.20,13.40,0.2500,162
3321,同泰,401666,6442496,16.15,16.15,15.90,15.95,-0.1000,223
3338,泰碩,2473267,148315335,58.70,60.80,58.30,59.60,1.5000,1604
3346,麗清,11373714,490898849,43.05,44.15,42.00,42.25,-0.7500,6982
3356,奇偶,270190,6723976,25.40,25.40,24.55,24.70,-0.3000,195
3376,新日興,2220232,332737242,149.00,152.50,148.00,150.00,2.0000,1536
3380,明泰,1034956,27059669,26.20,26.40,26.00,26.05,-0.0500,712
3383,新世紀,89759,352609,3.91,3.99,3.83,3.85,-0.0600,32
3406,玉晶光,3450391,1973859330,580.00,580.00,566.00,569.00,-7.0000,2999
3413,京鼎,1568384,288188241,180.50,186.00,180.50,183.50,4.5000,1204
3416,融程電,168175,12364494,71.90,74.30,71.90,73.30,1.5000,144
3419,譁裕,934007,14392155,15.70,15.75,15.20,15.25,-0.4000,420
3432,台端,70004,896999,12.85,12.95,12.75,12.90,0.0500,35
3437,榮創,916722,19463703,21.45,21.70,20.90,21.05,-0.2500,452
3443,創意,4381041,1187376897,262.50,278.00,262.00,266.00,-1.0000,3622
3450,聯鈞,2258269,151830343,66.80,67.70,66.60,66.60,0.3000,1439
3454,晶睿,114551,8440081,73.50,74.00,73.20,73.70,0.2000,107
3481,群創,92557678,921325999,10.05,10.05,9.91,9.91,-0.0900,10837
3494,誠研,338334,1547907,4.59,4.61,4.53,4.59,-0.0100,110
3501,維熹,19051,874076,46.00,46.00,45.80,45.90,0.3500,18
3504,揚明光,111000,5948300,54.00,54.30,53.00,53.30,-0.3000,85
3515,華擎,4578080,791445600,168.00,176.50,167.50,172.50,9.5000,3632
3518,柏騰,92013,2566157,27.65,28.20,27.65,27.80,0.1500,73
3528,安馳,113617,4613657,40.20,40.90,40.20,40.60,0.4000,70
3530,晶相光,1143993,101276916,87.40,89.50,87.40,88.00,0.5000,849
3532,台勝科,1400177,169404772,121.00,122.50,120.00,121.00,1.0000,1157
3533,嘉澤,598976,265484215,445.00,449.00,436.50,439.00,-1.0000,620
3535,晶彩科,403014,7492313,18.70,18.75,18.40,18.40,-0.0500,203
3536,誠創,14905,62428,4.00,4.25,4.00,4.23,0.0400,10
3543,州巧,170001,3774362,22.15,22.55,22.15,22.30,0.1500,99
3545,敦泰,4152833,209394320,50.90,51.20,49.80,49.90,-0.4000,2287
3550,聯穎,79008,1115569,14.10,14.15,14.10,14.10,0.0000,57
3557,嘉威,1494856,121041083,81.50,82.20,80.00,80.60,1.9000,994
3563,牧德,193409,54835624,284.50,285.00,282.50,283.00,0.5000,182
3576,聯合再生,61724057,960812412,15.90,15.90,15.30,15.30,-0.6500,19786
3583,辛耘,126000,7268800,58.20,58.20,57.20,57.20,-0.2000,111
3588,通嘉,995187,38876817,39.00,40.25,38.30,38.30,-0.7000,558
3591,艾笛森,327409,3929183,11.70,12.10,11.70,12.10,0.4500,122
3593,力銘,69580,759857,10.95,11.00,10.80,10.80,-0.2000,45
3596,智易,2063164,205709073,98.70,100.50,98.70,100.50,1.8000,1438
3605,宏致,1747456,60255903,34.80,35.15,33.90,34.10,-0.7000,994
3607,谷崧,12128007,155367489,12.10,13.10,12.00,12.90,0.7000,1687
3617,碩天,24000,1838400,77.00,77.00,76.30,76.90,0.2000,21
3622,洋華,181916,3812540,21.00,21.25,20.70,20.85,-0.1500,82
3645,達邁,1234394,67814621,54.50,55.70,54.30,54.40,0.3000,677
3653,健策,5973279,1703227312,293.50,295.00,277.50,277.50,-15.5000,4879
3661,世芯-KY,14186304,7989626750,530.00,580.00,528.00,580.00,52.0000,11166
3665,貿聯-KY,1757241,403680023,231.00,231.50,228.00,230.00,2.0000,1304
3669,圓展,3795295,359231174,94.80,95.80,94.00,94.20,0.4000,2445
3673,TPK-KY,12831291,623141423,49.20,49.45,48.00,48.20,-2.7000,7727
3679,新至陞,706671,75818554,106.00,109.00,105.50,106.50,1.0000,615
3682,亞太電,3562955,33749627,9.56,9.56,9.42,9.43,-0.0200,1213
3686,達能,8156803,170089592,22.10,22.10,20.00,20.10,-0.3000,4008
3694,海華,1307597,41735014,31.95,32.65,31.45,31.50,-0.4500,644
3698,隆達,2134774,41124573,19.75,19.75,18.90,19.00,0.1000,921
3701,大眾控,4109,53571,13.05,13.05,13.05,13.05,0.0000,11
3702,大聯大,1292788,50901356,39.35,39.45,39.25,39.40,0.1500,735
3702A,大聯大甲特,36171,1799214,49.75,49.75,49.70,49.75,-0.0500,21
3703,欣陸,5882264,147942439,25.10,25.50,24.70,25.10,0.4500,2518
3704,合勤控,1799682,41953763,23.15,23.55,23.15,23.20,0.1500,836
3705,永信,223576,9571467,43.00,43.05,42.65,42.75,-0.1500,194
3706,神達,3655697,105961842,28.85,29.20,28.80,28.85,0.0500,1831
3708,上緯投控,5985284,995792154,167.00,168.50,164.00,167.50,3.5000,4030
3711,日月光投控,22024403,1507074393,68.60,68.80,67.90,68.70,0.5000,9595
3712,永崴投控,1229632,46029579,37.10,37.85,37.00,37.15,0.0500,706
4104,佳醫,125217,7110539,56.80,57.00,56.70,56.70,-0.1000,110
4106,雃博,600423,18504264,30.70,31.20,30.55,30.60,-0.7000,401
4108,懷特,328004,8139800,25.05,25.05,24.70,24.90,-0.1500,184
4119,旭富,330331,39468413,119.00,120.50,118.50,119.50,0.5000,225
4133,亞諾法,1111069,71225634,64.30,64.80,63.60,64.40,0.7000,785
4137,麗豐-KY,119513,21322564,177.00,180.00,176.50,179.00,3.0000,117
4141,龍燈-KY,573083,6481513,11.25,11.40,11.15,11.25,0.0000,180
4142,國光生,4432343,268398963,61.20,61.20,60.00,60.30,-0.3000,2984
4148,全宇生技-KY,25000,866300,34.40,35.45,34.40,34.75,0.6000,11
4155,訊映,4066244,128710564,30.80,32.35,30.80,31.50,0.7000,1907
4164,承業醫,175982,6680723,37.70,38.10,37.70,38.10,0.4000,118
4190,佐登-KY,83001,7323088,88.50,89.00,87.80,88.00,0.1000,68
4306,炎洲,2661641,40248102,14.95,15.35,14.80,15.20,0.4000,1078
4414,如興,953280,10862830,11.55,11.55,11.30,11.30,-0.2500,399
4426,利勤,62661,1706008,27.50,27.60,27.05,27.05,-0.1500,68
4438,廣越,51000,5317000,104.50,104.50,104.00,104.00,-0.5000,48
4439,冠星-KY,49000,6362000,132.00,132.00,128.50,129.00,-1.0000,45
4526,東台,553835,7804657,14.25,14.40,13.90,14.15,-0.1000,294
4532,瑞智,315811,6175378,19.45,19.65,19.45,19.55,0.1000,262
4536,拓凱,533102,84026487,154.50,160.00,153.50,158.50,4.5000,388
4540,全球傳動,46000,2028900,44.30,44.35,43.90,43.95,0.2500,39
4545,銘鈺,96318,2911740,30.30,30.60,29.80,30.45,0.5500,45
4551,智伸科,1325848,244978010,177.50,187.50,177.50,185.50,8.0000,1140
4552,力達-KY,163160,5874002,36.00,36.20,35.90,36.10,0.1500,77
4555,氣立,13000,630200,48.40,48.85,48.30,48.40,0.0500,12
4557,永新-KY,10020,623830,62.40,62.40,62.00,62.30,-0.1000,12
4560,強信-KY,175000,7117700,40.55,41.10,40.30,40.55,0.2500,86
4562,穎漢,13000,216600,16.65,16.85,16.55,16.65,0.0500,10
4564,元翎,362000,10240400,27.80,28.85,27.80,28.50,0.7000,227
4566,時碩工業,16000,594100,37.00,37.40,37.00,37.00,0.0000,16
4571,鈞興-KY,22400,1572240,70.20,70.20,70.20,70.20,0.1000,14
4572,駐龍,39062,2779338,72.50,72.50,70.80,70.80,-1.3000,35
4576,大銀微系統,32877,2455769,75.40,75.40,74.30,74.70,-0.4000,32
4581,光隆精密-KY,13000,479700,36.70,37.00,36.30,37.00,0.4000,12
4720,德淵,85322,1105789,13.00,13.05,12.90,12.90,-0.0500,47
4722,國精化,62466,1727571,27.60,27.70,27.60,27.70,0.1000,30
4725,信昌化,105516,1876092,17.75,17.80,17.75,17.80,0.0500,75
4737,華廣,20170,1430587,70.60,71.10,70.60,70.80,-0.3000,14
4739,康普,121177,6518418,53.50,54.30,53.40,53.60,0.4000,108
4746,台耀,388596,18954065,49.30,49.30,48.50,48.50,-0.3000,297
4755,三福化,33010,2228912,68.00,68.00,67.30,67.50,0.2000,31
4763,材料-KY,175255,22852357,129.00,131.50,129.00,130.00,0.5000,142
4764,雙鍵,7000,424000,60.60,60.70,60.50,60.70,0.0000,7
4766,南寶,246000,35413500,144.00,145.00,143.00,145.00,1.5000,236
4807,日成-KY,37000,1063450,28.80,29.00,28.30,28.45,0.2500,21
4904,遠傳,2356191,142885286,60.60,60.80,60.50,60.50,0.1000,1180
4906,正文,12374020,359755514,28.95,29.45,28.70,29.00,0.5000,5489
4912,聯德控股-KY,180677,21618740,122.00,123.00,117.50,119.00,-2.5000,129
4915,致伸,13432152,631867127,47.25,47.75,46.65,47.15,0.5000,7450
4916,事欣科,57224,1208265,21.20,21.20,21.05,21.10,-0.0500,51
4919,新唐,1648799,69376149,42.00,42.35,41.70,41.90,0.1000,1037
4927,泰鼎-KY,6959402,546867504,77.00,80.00,76.80,78.50,2.5000,3909
4930,燦星網,871383,15249194,17.50,17.50,17.50,17.50,1.5500,304
4934,太極,3665115,105346122,29.30,29.50,28.25,28.50,-0.8000,2233
4935,茂林-KY,1764030,192792130,108.50,111.50,108.00,108.00,-0.5000,1180
4938,和碩,3842477,239375093,62.70,62.70,62.00,62.20,-0.1000,2099
4942,嘉彰,992071,38878760,39.00,39.50,38.80,38.85,0.0500,441
4943,康控-KY,2640766,235423481,87.90,90.20,87.30,89.50,2.3000,1804
4952,凌通,544627,19034947,35.20,35.50,34.60,34.90,-0.1500,297
4956,光鋐,347003,6399655,18.50,18.70,18.25,18.35,-0.0500,213
4958,臻鼎-KY,6284164,806392046,127.00,130.00,126.00,127.50,1.0000,4543
4960,誠美材,5619575,53263422,9.54,9.60,9.30,9.33,-0.0900,1252
4961,天鈺,880000,31373900,35.75,36.00,35.25,35.40,-0.1500,470
4967,十銓,315020,10501290,33.45,33.50,33.20,33.30,0.0500,187
4968,立積,16405853,4422379656,258.00,279.00,257.50,268.50,13.0000,12646
4976,佳凌,8228553,402714484,47.55,49.75,47.30,48.65,1.0000,4477
4977,眾達-KY,926505,99133677,106.50,108.50,105.50,106.00,0.5000,646
4989,榮科,53000,900650,17.20,17.20,16.80,16.80,-0.1000,30
4994,傳奇,111475,7060615,61.90,63.70,61.90,63.60,1.5000,72
4999,鑫禾,227571,10287679,45.00,45.40,45.00,45.10,0.2500,162
5007,三星,49001,2244146,45.80,46.00,45.75,45.80,-0.2000,30
5203,訊連,257276,26237547,103.00,103.50,100.50,102.00,-1.0000,179
5215,科嘉-KY,1586971,251963319,158.00,161.50,156.00,156.00,-2.0000,1123
5225,東科-KY,164009,4518795,27.70,27.70,27.40,27.40,-0.3000,91
5234,達興材料,118182,9426711,80.40,80.40,79.50,79.60,-0.8000,107
5243,乙盛-KY,221050,7456837,33.80,33.90,33.60,33.65,-0.1000,138
5258,虹堡,2682496,60776656,21.55,22.95,21.25,21.50,0.6000,880
5264,鎧勝-KY,216539,18694115,86.30,86.40,86.30,86.30,0.0000,159
5269,祥碩,2214984,3494019900,1505.00,1620.00,1500.00,1620.00,145.0000,2222
5283,禾聯碩,37100,3815451,102.50,103.00,102.50,103.00,0.5000,30
5284,jpp-KY,13314,443082,33.25,33.95,33.20,33.95,0.7000,11
5285,界霖,304000,14528950,48.00,48.50,47.30,47.30,-0.6000,184
5288,豐祥-KY,166047,16977841,102.00,103.00,101.50,102.00,1.0000,106
5305,敦南,535984,22634322,42.20,42.25,42.20,42.25,0.0500,166
5388,中磊,903510,67005290,73.50,74.60,73.50,73.80,0.4000,558
5434,崇越,532697,63588769,119.50,120.00,119.00,119.00,0.5000,494
5469,瀚宇博,11057819,462841824,41.80,42.20,41.55,41.75,0.8500,5581
5471,松翰,10579076,758995968,72.00,72.80,70.90,71.10,0.2000,6351
5484,慧友,185689,1966699,10.80,10.80,10.40,10.60,-0.2000,72
5515,建國,167001,1976161,11.90,11.95,11.75,11.85,-0.0500,114
5519,隆大,230126,3478145,15.15,15.15,15.05,15.10,-0.0500,98
5521,工信,9031350,114451997,13.00,13.05,12.40,12.55,-0.3500,2420
5522,遠雄,364673,16712213,46.05,46.05,45.70,45.75,-0.0500,246
5525,順天,31200,669234,21.50,21.55,21.40,21.40,-0.1000,26
5531,鄉林,294959,3056873,10.40,10.40,10.30,10.35,0.0500,127
5533,皇鼎,41918,667295,15.90,16.00,15.90,16.00,-0.0500,9
5534,長虹,138823,11098212,80.30,80.30,79.80,79.80,-0.3000,117
5538,東明-KY,8000,255650,32.00,32.20,31.80,32.05,0.0500,6
5546,永固-KY,311136,24285908,78.80,79.20,77.50,78.00,-0.5000,146
5607,遠雄港,1551990,46495204,29.85,30.25,29.70,30.00,0.0000,739
5608,四維航,1747374,12611986,7.20,7.30,7.17,7.18,-0.0100,579
5706,鳳凰,171332,4802524,28.40,28.40,27.80,28.00,-0.4000,138
5871,中租-KY,2864120,426596306,147.50,150.00,147.00,150.00,2.5000,2057
5871A,中租-KY甲特,94292,9259493,98.20,98.30,98.10,98.20,0.2000,104
5876,上海商銀,2042100,78695282,38.60,38.60,38.40,38.60,0.0000,710
5880,合庫金,9507826,188802800,19.75,19.95,19.70,19.90,0.2000,3172
5906,台南-KY,9000,319950,35.50,35.75,35.40,35.75,-0.1500,8
5907,大洋-KY,40000,848850,21.10,21.40,21.10,21.25,0.1000,30
6005,群益證,2304191,25344772,11.00,11.05,10.95,11.00,0.0500,629
6024,群益期,108880,4006310,36.70,36.85,36.70,36.75,0.0500,79
6108,競國,78014,1609634,20.70,20.75,20.60,20.60,0.0500,58
6112,聚碩,397336,15606210,39.00,39.55,38.90,39.30,0.5000,237
6115,鎰勝,69297,2843589,41.05,41.10,41.00,41.10,0.0500,58
6116,彩晶,149386211,1450196899,9.81,9.86,9.49,9.52,-0.0800,23040
6117,迎廣,56000,917100,16.20,16.60,16.20,16.60,0.3000,28
6120,達運,398183,4441409,11.15,11.25,11.10,11.10,0.0000,188
6128,上福,63001,1747277,27.75,27.85,27.55,27.60,0.2000,42
6131,鈞泰,51081,327806,6.01,6.60,6.01,6.60,0.4400,38
6133,金橋,122050,986190,8.08,8.10,8.06,8.09,-0.0800,47
6136,富爾特,69967,1203185,17.20,17.25,17.15,17.15,-0.1500,63
6139,亞翔,211127,5505404,26.10,26.20,26.00,26.00,-0.1000,148
6141,柏承,1573501,42691751,27.10,27.60,26.70,26.70,-0.1500,722
6142,友勁,537832,3983752,7.51,7.51,7.31,7.40,-0.1800,220
6152,百一,4604305,52717075,11.50,12.05,11.10,11.10,-0.7000,1916
6153,嘉聯益,4985672,146263853,29.55,29.85,28.90,29.05,-0.6500,2637
6155,鈞寶,639214,15051524,23.75,24.00,23.20,23.50,-0.5000,453
6164,華興,150942,1119078,7.47,7.52,7.33,7.46,0.0200,85
6165,捷泰,1578328,83579641,54.70,55.30,51.10,51.50,-3.2000,1005
6166,凌華,35241,2304402,65.30,65.60,65.20,65.20,0.1000,36
6168,宏齊,229113,3153840,13.85,13.85,13.65,13.70,-0.0500,103
6172,互億,36363,1026499,28.30,28.30,28.15,28.15,-0.2000,18
6176,瑞儀,2117845,235782728,111.00,112.50,110.50,111.00,0.0000,1279
6177,達麗,1068416,30973557,29.20,29.25,28.85,28.90,-0.3500,534
6183,關貿,54175,2521455,46.35,46.90,46.35,46.40,0.1000,48
6184,大豐電,148962,6235554,41.80,41.95,41.65,41.80,0.4000,111
6189,豐藝,193052,6864852,35.55,35.70,35.30,35.40,-0.1500,125
6191,精成科,5551934,123703352,22.20,22.45,22.05,22.05,-0.1500,1964
6192,巨路,21000,1348500,64.00,64.40,64.00,64.10,0.1000,21
6196,帆宣,1221958,129471069,105.00,107.00,104.50,105.50,1.5000,974
6197,佳必琪,256092,8725220,34.00,34.60,33.85,33.90,-0.2500,182
6201,亞弘電,33338,1170403,35.10,35.15,35.00,35.15,0.1500,29
6202,盛群,638248,44341484,69.50,69.90,69.20,69.40,0.1000,573
6205,詮欣,529200,19497019,37.10,37.50,36.10,36.50,-0.8000,279
6206,飛捷,212230,12826697,60.20,60.70,60.20,60.40,0.4000,178
6209,今國光,384011,12488055,32.35,32.75,32.20,32.30,-0.0500,218
6213,聯茂,3737638,494828851,131.50,134.00,130.50,131.00,-0.5000,2623
6214,精誠,180769,14812132,82.30,82.40,81.70,81.80,-0.5000,174
6215,和椿,287118,4329121,15.25,15.25,14.95,15.05,-0.1000,140
6216,居易,16002,403900,25.30,25.30,25.20,25.25,0.0000,17
6224,聚鼎,1719638,162946325,97.30,97.40,92.70,92.70,-3.9000,1291
6225,天瀚,4001,15533,3.98,3.98,3.85,3.85,-0.1300,5
6226,光鼎,337101,2768587,8.24,8.26,8.15,8.25,0.0100,145
6230,超眾,172881,41005450,237.50,239.50,235.00,235.50,0.0000,166
6235,華孚,251633,3973222,15.85,15.90,15.70,15.70,-0.0500,129
6239,力成,2611825,224533166,86.40,86.50,85.60,86.00,-0.1000,1706
6243,迅杰,249873,2920169,11.75,11.90,11.40,11.55,-0.0500,121
6251,定穎,15386671,282978886,18.55,18.70,18.20,18.20,-0.5000,5657
6257,矽格,5787220,226632487,38.75,39.45,38.75,39.25,0.8500,3101
6269,台郡,2963823,348600593,116.00,118.50,115.00,118.50,3.5000,2020
6271,同欣電,2894775,385656546,132.00,135.00,131.50,133.00,1.0000,1493
6277,宏正,91876,7639298,83.30,83.40,82.80,82.90,-0.2000,86
6278,台表科,6924015,755603878,109.50,111.00,107.00,109.00,-0.5000,4215
6281,全國電,27141,1864370,69.00,69.00,68.50,68.60,-0.2000,29
6282,康舒,6348424,171187113,27.15,27.30,26.70,26.95,-0.1000,2906
6283,淳安,10144303,372021293,34.65,37.75,34.50,36.90,2.5500,5687
6285,啟碁,3732056,296828353,79.70,80.20,78.80,79.30,0.6000,2651
6288,聯嘉,5662045,197985975,34.40,35.35,34.30,34.95,0.5500,2890
6289,華上,78277,285116,3.51,3.75,3.51,3.75,-0.0900,36
6405,悅城,87400,1588500,18.20,18.45,18.05,18.05,0.1000,54
6409,旭隼,71296,68800169,966.00,969.00,960.00,960.00,-6.0000,67
6412,群電,503897,33847251,67.90,68.20,67.00,67.00,-0.5000,439
6414,樺漢,543819,125621154,228.00,233.50,228.00,232.00,6.0000,537
6415,矽力-KY,239163,559138660,2340.00,2340.00,2310.00,2340.00,210.0000,273
6416,瑞祺電通,499428,65378560,128.50,133.00,128.50,129.50,1.5000,405
6431,光麗-KY,7000,192500,27.50,27.70,27.05,27.70,0.2000,6
6442,光聖,5250,150412,28.65,28.70,28.65,28.70,0.0500,6
6443,元晶,28789959,1023191203,35.90,36.30,35.00,35.00,-1.7000,15550
6449,鈺邦,2667593,136343175,51.30,52.50,50.10,50.10,-2.8000,1702
6451,訊芯-KY,412620,39664909,94.80,97.40,94.80,95.80,1.5000,345
6456,GIS-KY,2236073,258006488,117.00,117.50,114.00,114.50,-2.5000,1444
6464,台數科,553579,57374074,104.00,105.00,103.00,105.00,1.0000,174
6477,安集,60936682,3928025196,64.20,66.10,61.30,61.80,-1.7000,31702
6491,晶碩,453329,115097121,257.50,257.50,251.00,254.00,-0.5000,414
6504,南六,410668,91972538,225.50,226.00,223.00,223.50,-2.0000,387
6505,台塑化,968382,78373445,81.10,81.20,80.60,81.10,-0.1000,633
6525,捷敏-KY,77640,4388660,56.80,56.80,56.30,56.40,-0.2000,66
6531,愛普,5710798,1890480637,317.50,343.00,315.00,326.00,11.0000,4980
6533,晶心科,3866837,629702257,156.00,167.00,155.50,161.00,5.0000,2844
6541,泰福-KY,72000,2721000,37.30,38.25,37.30,37.60,0.3000,63
6552,易華電,161943,7528754,46.90,47.00,46.30,46.40,-0.3000,210
6558,興能高,12563544,685690468,55.40,55.70,53.60,54.80,-0.3000,6250
6573,虹揚-KY,95193,1507781,15.50,16.20,15.40,15.55,0.2500,72
6579,研揚,16000,1111400,68.50,69.80,68.50,69.50,0.5000,14
6581,鋼聯,48162,3294325,67.60,68.90,67.60,68.10,0.1000,48
6582,申豐,1323342,284685315,218.00,220.50,210.50,215.50,-2.0000,1086
6591,動力-KY,259643,13839517,53.30,53.90,52.90,52.90,0.3000,206
6592,和潤企業,1860377,148396124,80.20,80.40,79.20,79.60,-0.1000,415
6598,ABC-KY,306574,24406391,81.00,81.00,79.00,79.00,-1.1000,248
6605,帝寶,28797,1361274,47.10,47.55,47.10,47.30,0.2000,77
6625,必應,45527,1593175,35.05,35.05,34.90,34.95,-0.1000,42
6641,基士德-KY,18005,1149916,64.80,64.80,63.00,63.80,0.3000,17
6655,科定,18052,938567,52.00,52.00,51.90,52.00,0.1000,16
6666,羅麗芬-KY,17150,1767375,103.00,104.50,102.50,102.50,-1.0000,19
6668,中揚光,84793,4194811,49.00,49.70,48.85,49.65,0.4500,60
6669,緯穎,377132,280311001,744.00,753.00,737.00,741.00,-4.0000,446
6670,復盛應用,693400,128228700,184.00,188.50,182.00,184.00,4.0000,537
6671,三能-KY,13000,501450,38.70,38.70,38.50,38.50,-0.0500,11
6672,騰輝電子-KY,125160,8986980,72.30,72.40,71.30,71.40,-0.1000,94
6674,鋐寶科技,7000,196350,28.10,28.15,28.00,28.15,-0.0500,7
6698,旭暉應材,58000,2346450,40.35,40.50,40.35,40.35,-0.1500,50
6706,惠特,746696,108968151,149.00,149.50,143.00,144.00,-3.0000,618
6715,嘉基,158002,19597253,123.50,125.00,123.00,124.00,1.5000,109
6754,匯僑設計,15235,621649,40.75,40.85,40.70,40.70,0.0000,14
8011,台通,376716,5831921,15.55,15.65,15.35,15.40,-0.1000,264
8016,矽創,519419,67804416,130.50,132.00,129.50,129.50,1.0000,414
8021,尖點,290182,6218945,21.55,21.55,21.30,21.45,0.0500,202
8028,昇陽半導體,499203,23413777,47.00,47.40,46.50,46.55,-0.4000,353
8033,雷虎,252637,2706669,10.70,10.80,10.65,10.75,0.1000,123
8039,台虹,1605428,86624007,53.60,54.40,53.50,54.10,0.0000,1070
8046,南電,19571157,2519657754,128.00,131.00,125.50,126.50,-1.0000,11044
8070,長華*,1500105,32546373,21.85,21.95,21.55,21.65,-0.2500,845
8072,陞泰,64054,1890167,30.00,30.00,29.00,29.60,-0.0500,53
8081,致新,756950,114166999,149.50,152.00,149.50,150.50,2.0000,556
8101,華冠,178000,924590,5.25,5.25,5.11,5.20,0.0000,74
8103,瀚荃,782233,23626393,29.90,30.75,29.80,29.85,0.3500,524
8104,錸寶,173400,8231899,47.85,48.00,47.10,47.20,-0.6500,142
8105,凌巨,564741,5917116,10.55,10.60,10.35,10.35,-0.2000,226
8110,華東,1535511,16404689,10.65,10.80,10.55,10.55,0.0000,572
8112,至上,1248837,37786538,30.30,30.35,30.20,30.30,-0.0500,588
8114,振樺電,30118,2370886,78.90,78.90,78.40,78.80,-0.1000,23
8131,福懋科,219152,7825519,35.60,35.80,35.55,35.75,0.2500,127
8150,南茂,1758147,50779475,28.80,29.00,28.75,28.90,0.1500,985
8163,達方,5938522,246689758,41.30,41.90,41.20,41.85,1.1000,3552
8201,無敵,24567,231002,9.23,9.45,9.23,9.42,0.0300,16
8210,勤誠,113278,10026723,88.50,89.20,88.00,88.00,-0.4000,108
8213,志超,3163447,133759320,42.15,42.75,41.90,42.00,0.4000,1915
8215,明基材,2782463,64473745,23.10,23.40,23.00,23.00,0.0500,1254
8222,寶一,68592,892177,13.15,13.15,12.95,12.95,-0.1000,88
8249,菱光,286107,4937451,17.20,17.30,17.20,17.25,0.1000,152
8261,富鼎,3262195,134562529,41.90,42.10,40.60,40.80,-0.2000,1972
8271,宇瞻,609342,22347164,36.80,36.80,36.55,36.60,-0.4500,427
8341,日友,153807,35100502,227.00,229.00,225.50,229.00,2.5000,262
8367,建新國際,6000,157100,26.10,26.20,26.10,26.20,0.2000,6
8374,羅昇,161270,3930107,24.40,24.90,24.10,24.20,-0.2000,106
8404,百和興業-KY,62857,1828171,29.05,29.40,28.95,28.95,-0.0500,53
8411,福貞-KY,25750,353259,13.75,13.80,13.65,13.70,0.0000,36
8422,可寧衛,72528,11579215,160.00,160.50,159.50,159.50,-0.5000,110
8427,基勝-KY,,,,,,,0.0000,
8429,金麗-KY,166470,1374668,8.20,8.32,8.20,8.24,0.0500,139
8442,威宏-KY,5253,244000,46.45,46.50,46.45,46.50,-0.5000,6
8443,阿瘦,53421,534449,10.05,10.05,9.97,9.98,-0.0700,72
8454,富邦媒,105927,72738992,686.00,690.00,683.00,689.00,9.0000,144
8462,柏文,33527,5307340,160.00,160.00,157.50,158.00,-0.5000,101
8463,潤泰材,69000,2455100,35.85,35.85,35.40,35.50,-0.1500,44
8464,億豐,3323364,1130818809,320.00,345.50,320.00,345.00,26.5000,1519
8466,美吉吉-KY,2000,127200,63.60,63.60,63.60,63.60,0.0000,2
8467,波力-KY,7000,344750,49.60,49.60,49.00,49.25,0.5500,4
8473,山林水,29090,1257696,43.00,43.55,42.80,43.30,0.4000,30
8478,東哥遊艇,626000,39258700,62.30,63.60,61.60,63.10,1.5000,474
8480,泰昇-KY,23143,2821117,122.00,123.00,120.50,121.50,1.0000,24
8481,政伸,60000,4368100,72.50,73.20,72.20,73.00,1.0000,51
8482,商億-KY,131000,13096100,100.00,100.50,99.40,100.50,0.5000,30
8488,吉源-KY,,,,,,,0.0000,
8499,鼎炫-KY,1799566,295834001,161.50,168.50,161.00,163.50,2.0000,1421
8926,台汽電,623187,23705350,38.30,38.30,37.90,37.95,0.0000,425
8940,新天地,7599,75040,9.82,9.86,9.82,9.86,0.0400,39
8996,高力,323006,16239159,50.10,50.90,49.60,49.95,0.4500,239
9103,美德醫療-DR,60463731,2276071045,37.05,39.25,36.55,37.20,0.2000,27065
910322,康師傅-DR,54000,1384950,25.70,25.70,25.55,25.70,-0.3000,29
9105,泰金寶-DR,67257441,333378430,4.94,5.12,4.84,4.89,0.0200,9518
910861,神州-DR,1236952,13340089,10.80,10.90,10.70,10.75,0.1000,303
9110,越南控-DR,710500,2800185,3.86,4.11,3.86,3.92,-0.0500,226
911608,明輝-DR,908000,4939670,5.59,5.61,5.30,5.50,-0.1600,300
911616,杜康-DR,1674999,4262097,2.56,2.63,2.47,2.55,0.0600,419
911622,泰聚亨-DR,329000,1447300,4.44,4.51,4.35,4.36,-0.0800,111
911868,同方友友-DR,1372000,3065320,2.22,2.28,2.18,2.21,0.0000,378
912000,晨訊科-DR,5881100,22683809,3.82,3.96,3.80,3.80,-0.0200,1248
912398,友佳-DR,1819000,9078810,4.95,5.14,4.88,5.00,0.0500,466
9136,巨騰-DR,793060,8692398,10.90,11.10,10.85,10.85,-0.0500,312
9188,精熙-DR,846000,3266360,3.87,3.96,3.78,3.82,-0.0500,276
9802,鈺齊-KY,1981155,242952584,120.50,124.00,120.00,123.00,3.0000,1243
9902,台火,112121,1090517,9.77,9.80,9.69,9.69,0.0200,72
9904,寶成,3304822,85192226,25.65,25.85,25.65,25.85,0.2500,1012
9905,大華,171840,3893979,22.70,22.75,22.60,22.65,0.1000,104
9906,欣巴巴,23728,923659,38.00,39.80,38.00,39.80,1.6500,24
9907,統一實,434866,4420448,10.15,10.20,10.10,10.20,0.0500,210
9908,大台北,9119,285391,31.30,31.30,31.25,31.30,-0.0500,11
9910,豐泰,848702,153022867,180.00,181.50,179.00,180.00,0.0000,645
9911,櫻花,243145,12273693,50.30,51.00,50.10,50.10,-0.2000,201
9912,偉聯,14792,104732,7.05,7.20,7.05,7.20,0.0900,19
9914,美利達,960332,265911264,275.00,281.00,274.00,275.00,2.0000,881
9917,中保科,111689,9849059,88.10,88.40,87.80,88.40,0.8000,101
9918,欣天然,4001,142535,35.55,35.80,35.55,35.60,0.0500,5
9919,康那香,2772164,114101033,41.70,41.70,40.80,41.20,0.4500,1579
9921,巨大,1707896,479265428,276.00,284.50,275.00,282.00,7.0000,1298
9924,福興,186803,8076920,43.00,43.50,43.00,43.15,0.1500,128
9925,新保,146820,5391379,36.70,36.80,36.60,36.60,-0.1000,114
9926,新海,1136,49549,43.70,43.70,43.70,43.70,0.0000,4
9927,泰銘,85607,2349010,27.40,27.50,27.40,27.45,0.0000,48
9928,中視,67000,331920,4.90,4.96,4.90,4.95,-0.0100,13
9929,秋雨,72304,912131,12.70,12.85,12.50,12.55,-0.1500,38
9930,中聯資源,40742,1806100,44.55,44.55,44.25,44.25,-0.0500,40
9931,欣高,4582,183535,40.10,40.10,40.10,40.10,0.0000,7
9933,中鼎,1116994,43048686,38.70,38.80,38.45,38.45,-0.2500,844
9934,成霖,1199379,18827358,15.45,15.80,15.45,15.80,0.4000,469
9935,慶豐富,262001,8581433,32.70,32.90,32.60,32.85,0.2500,111
9937,全國,9265,436179,47.20,47.20,47.00,47.00,-0.2000,14
9938,百和,654550,46616396,70.90,71.80,70.60,70.90,-0.1000,444
9939,宏全,1163839,68998125,59.00,59.70,58.80,59.70,0.9000,698
9940,信義,104185,3013018,28.95,29.00,28.80,28.85,-0.1000,66
9941,裕融,231002,22660708,98.00,98.50,97.70,98.20,0.2000,210
9941A,裕融甲特,291,14753,,,,,0.0000,1
9942,茂順,24001,1548268,64.40,64.80,64.40,64.80,0.4000,21
9943,好樂迪,45605,2764500,60.60,60.90,60.50,60.50,-0.1000,63
9944,新麗,168000,3738700,22.05,22.45,22.05,22.35,0.0500,100
9945,潤泰新,3801519,153073013,40.40,40.55,40.05,40.05,-0.2000,1863
9946,三發地產,104096,1929791,18.35,19.00,18.35,18.55,0.0000,43
9955,佳龍,191342,3619463,18.90,19.00,18.80,18.85,0.1000,104
9958,世紀鋼,3183988,418097929,131.50,132.50,130.00,131.00,1.0000,1904
